stratum,channel,contrast,contrast_label,estimate,missing_lower,missing_upper,p_value,n_paired,kind,registered_threshold,least_favourable_pass
main48,A_SIB,C_DN_CO,C: DN−CO,0.043478260869565216,0.02083333333333337,0.0625,0.9108708912910871,46,superiority,0.1,False
main48,A_SIB,C_DN_N0,C: DN−N0,0.1956521739130435,0.16666666666666674,0.20833333333333326,0.07954920450795493,46,superiority,0.1,True
main48,A_SIB,C_DN_UF,C: DN−UF,0.0425531914893617,0.02083333333333337,0.04166666666666663,0.994470055299447,47,superiority,0.15,False
main48,A_SIB,C_DN_X,C: DN−X,0.11627906976744186,0.08333333333333337,0.1875,0.6982730172698273,43,superiority,0.15,False
main48,A_SIB,C_MINUS_S,C−S,0.044444444444444446,-0.020833333333333297,0.04166666666666663,0.993020069799302,45,superiority,0.15,False
main48,A_SIB,R0_DN_UF,R0: DN−UF,0.06521739130434782,0.04166666666666674,0.08333333333333326,0.22817771822281777,46,equivalence,0.1,True
main48,A_SIB,R1_DN_CO,R1: DN−CO,0.20833333333333334,0.20833333333333337,0.20833333333333337,0.04089959100408996,48,superiority,0.1,True
main48,A_SIB,R1_DN_N0,R1: DN−N0,0.22916666666666666,0.22916666666666674,0.22916666666666674,0.02243977560224398,48,superiority,0.1,True
main48,A_SIB,R1_DN_UF,R1: DN−UF,0.0425531914893617,0.04166666666666674,0.0625,0.980960190398096,47,superiority,0.15,False
main48,A_SIB,R1_DN_X,R1: DN−X,0.14893617021276595,0.14583333333333337,0.16666666666666674,0.5002649973500265,47,superiority,0.15,False
main48,A_SIB,R1_MINUS_R0,R1−R0,-0.044444444444444446,-0.04166666666666652,0.02083333333333326,0.996610033899661,45,superiority,0.15,False
main48,A_SIB,S_DN_UF,S: DN−UF,0.021739130434782608,0.0,0.04166666666666667,1.999980000199998e-05,46,equivalence,0.1,True
main48,R,C_DN_CO,C: DN−CO,0.7142857142857143,0.6083333333333334,0.7333333333333334,9.99990000099999e-06,42,superiority,0.1,True
main48,R,C_DN_N0,C: DN−N0,0.702325581395349,0.6291666666666668,0.7333333333333334,9.99990000099999e-06,43,superiority,0.1,True
main48,R,C_DN_UF,C: DN−UF,0.7230769230769232,0.5458333333333334,0.7333333333333334,9.99990000099999e-06,39,superiority,0.15,True
main48,R,C_DN_X,C: DN−X,0.019512195121951216,-0.008333333333333304,0.13750000000000007,0.977460225397746,41,superiority,0.15,False
main48,R,C_MINUS_S,C−S,-1.2335811384723961e-17,-0.19166666666666654,0.10000000000000005,0.987430125698743,36,superiority,0.15,False
main48,R,R0_DN_UF,R0: DN−UF,0.702439024390244,0.525,0.7125,1.0,41,equivalence,0.1,False
main48,R,R1_DN_CO,R1: DN−CO,0.7951219512195122,0.6625,0.8083333333333332,9.99990000099999e-06,41,superiority,0.1,True
main48,R,R1_DN_N0,R1: DN−N0,0.7809523809523808,0.6833333333333333,0.8083333333333332,9.99990000099999e-06,42,superiority,0.1,True
main48,R,R1_DN_UF,R1: DN−UF,0.7999999999999999,0.5791666666666666,0.8083333333333332,9.99990000099999e-06,38,superiority,0.15,True
main48,R,R1_DN_X,R1: DN−X,0.09473684210526315,-0.04166666666666663,0.16666666666666652,0.7857921420785792,38,superiority,0.15,False
main48,R,R1_MINUS_R0,R1−R0,0.09374999999999999,-0.13333333333333341,0.2833333333333332,0.7665423345766542,32,superiority,0.15,False
main48,R,S_DN_UF,S: DN−UF,0.7255813953488371,0.6333333333333333,0.7374999999999999,1.0,43,equivalence,0.1,False
main48,A_MINUS_R,C_DN_CO,C: DN−CO,-0.65,-0.7083333333333334,-0.375,1.0,40,cross_channel,0.05,False
main48,A_MINUS_R,C_DN_N0,C: DN−N0,-0.5121951219512195,-0.5833333333333334,-0.2916666666666667,1.0,41,cross_channel,0.05,False
main48,A_MINUS_R,C_DN_UF,C: DN−UF,-0.6631578947368422,-0.7333333333333334,-0.31666666666666665,1.0,38,cross_channel,0.05,False
main48,A_MINUS_R,C_DN_X,C: DN−X,0.13513513513513511,-0.125,0.3333333333333333,0.17851821481785182,37,cross_channel,0.05,False
main48,A_MINUS_R,C_MINUS_S,C−S,0.07058823529411766,-0.24166666666666667,0.3416666666666666,0.4036759632403676,34,cross_channel,0.05,False
main48,A_MINUS_R,R1_DN_CO,R1: DN−CO,-0.575609756097561,-0.6375000000000001,-0.3458333333333334,1.0,41,cross_channel,0.05,False
main48,A_MINUS_R,R1_DN_N0,R1: DN−N0,-0.5428571428571429,-0.6,-0.35000000000000003,1.0,42,cross_channel,0.05,False
main48,A_MINUS_R,R1_DN_UF,R1: DN−UF,-0.7513513513513514,-0.8083333333333332,-0.35000000000000003,1.0,37,cross_channel,0.05,False
main48,A_MINUS_R,R1_DN_X,R1: DN−X,0.02702702702702702,-0.20833333333333334,0.25,0.5979640203597965,37,cross_channel,0.05,False
main48,A_MINUS_R,R1_MINUS_R0,R1−R0,-0.1933333333333333,-0.49583333333333335,0.25416666666666665,0.9613803861961381,30,cross_channel,0.05,False
main48,R_MINUS_A,C_DN_CO,C: DN−CO,0.65,0.375,0.7083333333333334,9.99990000099999e-06,40,cross_channel,0.05,False
main48,R_MINUS_A,C_DN_N0,C: DN−N0,0.5121951219512195,0.2916666666666667,0.5833333333333334,9.99990000099999e-06,41,cross_channel,0.05,False
main48,R_MINUS_A,C_DN_UF,C: DN−UF,0.6631578947368422,0.31666666666666665,0.7333333333333334,9.99990000099999e-06,38,cross_channel,0.05,False
main48,R_MINUS_A,C_DN_X,C: DN−X,-0.13513513513513511,-0.3333333333333333,0.125,0.977890221097789,37,cross_channel,0.05,False
main48,R_MINUS_A,C_MINUS_S,C−S,-0.07058823529411766,-0.3416666666666666,0.24166666666666667,0.926610733892661,34,cross_channel,0.05,False
main48,R_MINUS_A,R1_DN_CO,R1: DN−CO,0.575609756097561,0.3458333333333334,0.6375000000000001,1.999980000199998e-05,41,cross_channel,0.05,False
main48,R_MINUS_A,R1_DN_N0,R1: DN−N0,0.5428571428571429,0.35000000000000003,0.6,9.99990000099999e-06,42,cross_channel,0.05,False
main48,R_MINUS_A,R1_DN_UF,R1: DN−UF,0.7513513513513514,0.35000000000000003,0.8083333333333332,9.99990000099999e-06,37,cross_channel,0.05,False
main48,R_MINUS_A,R1_DN_X,R1: DN−X,-0.02702702702702702,-0.25,0.20833333333333334,0.7861121388786112,37,cross_channel,0.05,False
main48,R_MINUS_A,R1_MINUS_R0,R1−R0,0.1933333333333333,-0.25416666666666665,0.49583333333333335,0.14624853751462485,30,cross_channel,0.05,False
sealed16,A_SIB,C_DN_CO,C: DN−CO,0.0,0.0,0.0,0.8046019539804602,16,superiority,0.1,False
sealed16,A_SIB,C_DN_N0,C: DN−N0,0.0625,0.0625,0.0625,0.5935740642593574,16,superiority,0.1,False
sealed16,A_SIB,C_DN_UF,C: DN−UF,0.06666666666666667,0.0625,0.125,0.7688723112768873,15,superiority,0.15,False
sealed16,A_SIB,C_DN_X,C: DN−X,0.0625,0.0625,0.0625,0.9263507364926351,16,superiority,0.15,False
sealed16,A_SIB,C_MINUS_S,C−S,0.0,0.125,0.3125,0.7212827871721282,13,superiority,0.15,False
sealed16,A_SIB,R0_DN_UF,R0: DN−UF,0.125,0.125,0.125,0.7066629333706663,16,equivalence,0.1,False
sealed16,A_SIB,R1_DN_CO,R1: DN−CO,0.06666666666666667,0.0625,0.125,0.5409245907540925,15,superiority,0.1,False
sealed16,A_SIB,R1_DN_N0,R1: DN−N0,0.1875,0.1875,0.1875,0.14013859861401387,16,superiority,0.1,True
sealed16,A_SIB,R1_DN_UF,R1: DN−UF,0.0,0.0,0.0625,0.9273707262927371,15,superiority,0.15,False
sealed16,A_SIB,R1_DN_X,R1: DN−X,0.125,0.125,0.125,0.6010239897601024,16,superiority,0.15,False
sealed16,A_SIB,R1_MINUS_R0,R1−R0,-0.13333333333333333,-0.125,-0.0625,0.969290307096929,15,superiority,0.15,False
sealed16,A_SIB,S_DN_UF,S: DN−UF,-0.07142857142857142,-0.1875,-0.0625,0.4610753892461075,14,equivalence,0.1,False
sealed16,R,C_DN_CO,C: DN−CO,0.6153846153846154,0.5,0.6875,0.0007399926000739993,13,superiority,0.1,True
sealed16,R,C_DN_N0,C: DN−N0,0.5833333333333334,0.4375,0.6875,0.0011399886001139988,12,superiority,0.1,True
sealed16,R,C_DN_UF,C: DN−UF,0.58,0.3125,0.6875,0.004879951200487995,10,superiority,0.15,True
sealed16,R,C_DN_X,C: DN−X,-0.22000000000000003,-0.3125,0.0625,0.995070049299507,10,superiority,0.15,False
sealed16,R,C_MINUS_S,C−S,-0.15555555555555556,-0.5125,-0.07499999999999996,0.9091609083909161,9,superiority,0.15,False
sealed16,R,R0_DN_UF,R0: DN−UF,0.675,0.675,0.675,1.0,16,equivalence,0.1,False
sealed16,R,R1_DN_CO,R1: DN−CO,0.8571428571428571,0.75,0.875,7.999920000799993e-05,14,superiority,0.1,True
sealed16,R,R1_DN_N0,R1: DN−N0,0.8666666666666667,0.8125,0.875,4.999950000499995e-05,15,superiority,0.1,True
sealed16,R,R1_DN_UF,R1: DN−UF,0.8666666666666667,0.8125,0.875,5.999940000599994e-05,15,superiority,0.15,True
sealed16,R,R1_DN_X,R1: DN−X,0.10000000000000002,0.07499999999999996,0.19999999999999996,0.6640333596664033,14,superiority,0.15,False
sealed16,R,R1_MINUS_R0,R1−R0,0.16,0.13749999999999996,0.19999999999999996,0.4746852531474685,15,superiority,0.15,False
sealed16,R,S_DN_UF,S: DN−UF,0.8133333333333332,0.7625,0.825,1.0,15,equivalence,0.1,False
sealed16,A_MINUS_R,C_DN_CO,C: DN−CO,-0.6923076923076922,-0.75,-0.375,1.0,13,cross_channel,0.05,False
sealed16,A_MINUS_R,C_DN_N0,C: DN−N0,-0.5,-0.625,-0.125,0.988610113898861,12,cross_channel,0.05,False
sealed16,A_MINUS_R,C_DN_UF,C: DN−UF,-0.5777777777777778,-0.7625,0.11249999999999999,0.98020019799802,9,cross_channel,0.05,False
sealed16,A_MINUS_R,C_DN_X,C: DN−X,0.22000000000000003,-0.2375,0.5125,0.0944090559094409,10,cross_channel,0.05,False
sealed16,A_MINUS_R,C_MINUS_S,C−S,-0.3142857142857142,-0.7,0.42500000000000004,0.7252427475725243,7,cross_channel,0.05,False
sealed16,A_MINUS_R,R1_DN_CO,R1: DN−CO,-0.6923076923076923,-0.75,-0.375,1.0,13,cross_channel,0.05,False
sealed16,A_MINUS_R,R1_DN_N0,R1: DN−N0,-0.7333333333333333,-0.75,-0.625,1.0,15,cross_channel,0.05,False
sealed16,A_MINUS_R,R1_DN_UF,R1: DN−UF,-0.8571428571428571,-0.875,-0.625,1.0,14,cross_channel,0.05,False
sealed16,A_MINUS_R,R1_DN_X,R1: DN−X,-0.0285714285714286,-0.15,0.1,0.6883731162688373,14,cross_channel,0.05,False
sealed16,A_MINUS_R,R1_MINUS_R0,R1−R0,-0.2857142857142857,-0.375,-0.125,0.9683403165968341,14,cross_channel,0.05,False
sealed16,R_MINUS_A,C_DN_CO,C: DN−CO,0.6923076923076922,0.375,0.75,0.00024999750002499977,13,cross_channel,0.05,False
sealed16,R_MINUS_A,C_DN_N0,C: DN−N0,0.5,0.125,0.625,0.028059719402805973,12,cross_channel,0.05,False
sealed16,R_MINUS_A,C_DN_UF,C: DN−UF,0.5777777777777778,-0.11249999999999999,0.7625,0.03517964820351797,9,cross_channel,0.05,False
sealed16,R_MINUS_A,C_DN_X,C: DN−X,-0.22000000000000003,-0.5125,0.2375,0.984130158698413,10,cross_channel,0.05,False
sealed16,R_MINUS_A,C_MINUS_S,C−S,0.3142857142857142,-0.42500000000000004,0.7,0.37545624543754563,7,cross_channel,0.05,False
sealed16,R_MINUS_A,R1_DN_CO,R1: DN−CO,0.6923076923076923,0.375,0.75,0.0006199938000619994,13,cross_channel,0.05,False
sealed16,R_MINUS_A,R1_DN_N0,R1: DN−N0,0.7333333333333333,0.625,0.75,9.99990000099999e-05,15,cross_channel,0.05,False
sealed16,R_MINUS_A,R1_DN_UF,R1: DN−UF,0.8571428571428571,0.625,0.875,0.00010999890001099989,14,cross_channel,0.05,False
sealed16,R_MINUS_A,R1_DN_X,R1: DN−X,0.0285714285714286,-0.1,0.15,0.5575544244557554,14,cross_channel,0.05,False
sealed16,R_MINUS_A,R1_MINUS_R0,R1−R0,0.2857142857142857,0.125,0.375,0.0933790662093379,14,cross_channel,0.05,False
