stratum,endpoint,contrast,contrast_label,estimate,missing_lower,missing_upper,p_value,n_paired,kind,registered_threshold,least_favourable_pass
main96,U,S_DN_UF,S: DN−UF,0.009950248756218905,-0.16319444444444442,0.18055555555555547,0.0005299947000529995,67,equivalence,0.1,False
main96,U,C_DN_UF,C: DN−UF,-0.0041666666666666675,-0.10763888888888895,0.09027777777777768,1.0,80,superiority,0.15,False
main96,U,C_MINUS_S,C−S,-0.01169590643274854,-0.2881944444444444,0.2534722222222221,1.0,57,superiority,0.15,False
main96,U,R0_DN_UF,R0: DN−UF,-0.016064257028112452,-0.09027777777777779,0.05555555555555547,9.99990000099999e-06,83,equivalence,0.1,True
main96,U,R1_DN_UF,R1: DN−UF,-0.015151515151515154,-0.0625,0.03125,1.0,88,superiority,0.15,False
main96,U,R1_MINUS_R0,R1−R0,-0.004273504273504274,-0.11805555555555547,0.12152777777777779,1.0,78,superiority,0.15,False
main96,U,C_DN_X,C: DN−X,0.0,-0.10416666666666663,0.17708333333333326,1.0,71,superiority,0.15,False
main96,U,C_DN_CO,C: DN−CO,0.00432900432900433,-0.10069444444444453,0.1284722222222221,1.0,77,superiority,0.1,False
main96,U,C_DN_N0,C: DN−N0,0.025,-0.08333333333333337,0.08333333333333326,1.0,80,superiority,0.1,False
main96,U,R1_DN_X,R1: DN−X,0.011363636363636364,-0.04513888888888884,0.04861111111111116,1.0,88,superiority,0.15,False
main96,U,R1_DN_CO,R1: DN−CO,-0.007662835249042146,-0.0625,0.04166666666666674,1.0,87,superiority,0.1,False
main96,U,R1_DN_N0,R1: DN−N0,0.04119850187265918,-0.01388888888888884,0.06944444444444453,0.999960000399996,89,superiority,0.1,False
main96,A_FT,S_DN_UF,S: DN−UF,0.0,-0.1875,0.15625,0.11214887851121488,67,equivalence,0.1,False
main96,A_FT,C_DN_UF,C: DN−UF,-0.025,-0.13541666666666663,0.0625,1.0,80,superiority,0.15,False
main96,A_FT,C_MINUS_S,C−S,-0.03508771929824561,-0.29166666666666663,0.25,0.960760392396076,57,superiority,0.15,False
main96,A_FT,R0_DN_UF,R0: DN−UF,-0.024096385542168676,-0.10416666666666674,0.04166666666666674,0.026769732302676975,83,equivalence,0.1,False
main96,A_FT,R1_DN_UF,R1: DN−UF,0.011363636363636364,-0.02083333333333337,0.07291666666666663,1.0,88,superiority,0.15,False
main96,A_FT,R1_MINUS_R0,R1−R0,0.05128205128205128,-0.06250000000000011,0.17708333333333337,0.9792402075979241,78,superiority,0.15,False
main96,A_FT,C_DN_X,C: DN−X,0.014084507042253521,-0.09375,0.1875,0.999960000399996,71,superiority,0.15,False
main96,A_FT,C_DN_CO,C: DN−CO,-0.03896103896103896,-0.13541666666666663,0.09375,1.0,77,superiority,0.1,False
main96,A_FT,C_DN_N0,C: DN−N0,-0.05,-0.13541666666666663,0.03125,1.0,80,superiority,0.1,False
main96,A_FT,R1_DN_X,R1: DN−X,0.09090909090909091,0.03125,0.125,0.955040449595504,88,superiority,0.15,False
main96,A_FT,R1_DN_CO,R1: DN−CO,-0.011494252873563218,-0.0625,0.04166666666666663,1.0,87,superiority,0.1,False
main96,A_FT,R1_DN_N0,R1: DN−N0,0.033707865168539325,-0.01041666666666674,0.07291666666666663,0.987280127198728,89,superiority,0.1,False
main96,P,S_DN_UF,S: DN−UF,0.0,-0.17708333333333326,0.16666666666666663,9.99990000099999e-06,67,equivalence,0.1,False
main96,P,C_DN_UF,C: DN−UF,0.025,-0.08333333333333326,0.11458333333333337,1.0,80,superiority,0.15,False
main96,P,C_MINUS_S,C−S,0.0,-0.25,0.29166666666666663,1.0,57,superiority,0.15,False
main96,P,R0_DN_UF,R0: DN−UF,0.024096385542168676,-0.05208333333333326,0.09375,9.99990000099999e-06,83,equivalence,0.1,True
main96,P,R1_DN_UF,R1: DN−UF,0.022727272727272728,-0.03125,0.0625,1.0,88,superiority,0.15,False
main96,P,R1_MINUS_R0,R1−R0,0.0,-0.125,0.11458333333333326,1.0,78,superiority,0.15,False
main96,P,C_DN_X,C: DN−X,0.0,-0.10416666666666663,0.17708333333333337,1.0,71,superiority,0.15,False
main96,P,C_DN_CO,C: DN−CO,0.012987012987012988,-0.09375,0.13541666666666663,1.0,77,superiority,0.1,False
main96,P,C_DN_N0,C: DN−N0,0.0125,-0.09375,0.07291666666666663,1.0,80,superiority,0.1,False
main96,P,R1_DN_X,R1: DN−X,0.03409090909090909,-0.02083333333333337,0.07291666666666663,1.0,88,superiority,0.15,False
main96,P,R1_DN_CO,R1: DN−CO,0.022988505747126436,-0.03125,0.07291666666666663,1.0,87,superiority,0.1,False
main96,P,R1_DN_N0,R1: DN−N0,0.0,-0.05208333333333337,0.03125,1.0,89,superiority,0.1,False
main96,ORDERED_O,S_DN_UF,S: DN−UF,0.014925373134328358,-0.14583333333333337,0.19791666666666663,0.14421855781442186,67,equivalence,0.1,False
main96,ORDERED_O,C_DN_UF,C: DN−UF,0.0125,-0.10416666666666663,0.09375,1.0,80,superiority,0.15,False
main96,ORDERED_O,C_MINUS_S,C−S,-0.017543859649122806,-0.30208333333333326,0.23958333333333337,0.9521704782952171,57,superiority,0.15,False
main96,ORDERED_O,R0_DN_UF,R0: DN−UF,-0.03614457831325301,-0.11458333333333337,0.03125,0.0917490825091749,83,equivalence,0.1,False
main96,ORDERED_O,R1_DN_UF,R1: DN−UF,-0.011363636363636364,-0.04166666666666663,0.05208333333333337,0.999850001499985,88,superiority,0.15,False
main96,ORDERED_O,R1_MINUS_R0,R1−R0,0.02564102564102564,-0.07291666666666663,0.16666666666666674,0.979720202797972,78,superiority,0.15,False
main96,ORDERED_O,C_DN_X,C: DN−X,0.014084507042253521,-0.09375,0.1875,0.999960000399996,71,superiority,0.15,False
main96,ORDERED_O,C_DN_CO,C: DN−CO,-0.012987012987012988,-0.11458333333333337,0.11458333333333326,0.999750002499975,77,superiority,0.1,False
main96,ORDERED_O,C_DN_N0,C: DN−N0,0.05,-0.05208333333333337,0.11458333333333326,0.8785312146878531,80,superiority,0.1,False
main96,ORDERED_O,R1_DN_X,R1: DN−X,0.125,0.05208333333333337,0.14583333333333337,0.7060429395706043,88,superiority,0.15,False
main96,ORDERED_O,R1_DN_CO,R1: DN−CO,-0.011494252873563218,-0.07291666666666663,0.03125,0.996920030799692,87,superiority,0.1,False
main96,ORDERED_O,R1_DN_N0,R1: DN−N0,0.10112359550561797,0.04166666666666663,0.125,0.4999150008499915,89,superiority,0.1,False
sealed32,U,S_DN_UF,S: DN−UF,0.05555555555555556,-0.09375,0.15625,0.21612783872161279,24,equivalence,0.1,False
sealed32,U,C_DN_UF,C: DN−UF,-0.011904761904761906,-0.04166666666666674,0.08333333333333326,1.0,28,superiority,0.15,False
sealed32,U,C_MINUS_S,C−S,-0.060606060606060615,-0.19791666666666674,0.17708333333333326,0.999390006099939,22,superiority,0.15,False
sealed32,U,R0_DN_UF,R0: DN−UF,-0.04938271604938272,-0.10416666666666663,0.05208333333333337,0.043279567204327955,27,equivalence,0.1,False
sealed32,U,R1_DN_UF,R1: DN−UF,0.0,-0.03125,0.09375,1.0,28,superiority,0.15,False
sealed32,U,R1_MINUS_R0,R1−R0,0.05555555555555556,-0.08333333333333337,0.19791666666666663,0.997440025599744,24,superiority,0.15,False
sealed32,U,C_DN_X,C: DN−X,-0.01388888888888889,-0.04166666666666674,0.20833333333333326,1.0,24,superiority,0.15,False
sealed32,U,C_DN_CO,C: DN−CO,-0.022222222222222223,-0.05208333333333337,0.01041666666666663,1.0,30,superiority,0.1,False
sealed32,U,C_DN_N0,C: DN−N0,0.03333333333333333,0.0,0.0625,0.943120568794312,30,superiority,0.1,False
sealed32,U,R1_DN_X,R1: DN−X,0.03225806451612903,0.0,0.03125,0.999990000099999,31,superiority,0.15,False
sealed32,U,R1_DN_CO,R1: DN−CO,0.03225806451612903,0.0,0.03125,0.998650013499865,31,superiority,0.1,False
sealed32,U,R1_DN_N0,R1: DN−N0,0.044444444444444446,0.01041666666666663,0.10416666666666663,0.981020189798102,30,superiority,0.1,False
sealed32,A_FT,S_DN_UF,S: DN−UF,0.041666666666666664,-0.15625,0.09375,0.1921580784192158,24,equivalence,0.1,False
sealed32,A_FT,C_DN_UF,C: DN−UF,0.0,-0.03125,0.09375,0.999590004099959,28,superiority,0.15,False
sealed32,A_FT,C_MINUS_S,C−S,-0.045454545454545456,-0.125,0.25,0.966370336296637,22,superiority,0.15,False
sealed32,A_FT,R0_DN_UF,R0: DN−UF,-0.07407407407407407,-0.125,0.03125,0.36106638933610663,27,equivalence,0.1,False
sealed32,A_FT,R1_DN_UF,R1: DN−UF,0.03571428571428571,0.0,0.125,0.956250437495625,28,superiority,0.15,False
sealed32,A_FT,R1_MINUS_R0,R1−R0,0.125,-0.03125,0.25,0.5606243937560624,24,superiority,0.15,False
sealed32,A_FT,C_DN_X,C: DN−X,0.0,-0.0625,0.1875,1.0,24,superiority,0.15,False
sealed32,A_FT,C_DN_CO,C: DN−CO,0.0,-0.03125,0.03125,0.995460045399546,30,superiority,0.1,False
sealed32,A_FT,C_DN_N0,C: DN−N0,0.06666666666666667,0.03125,0.09375,0.6973530264697353,30,superiority,0.1,False
sealed32,A_FT,R1_DN_X,R1: DN−X,0.03225806451612903,0.0,0.03125,0.999920000799992,31,superiority,0.15,False
sealed32,A_FT,R1_DN_CO,R1: DN−CO,0.0,-0.03125,0.0,0.997130028699713,31,superiority,0.1,False
sealed32,A_FT,R1_DN_N0,R1: DN−N0,0.0,-0.03125,0.0625,0.995020049799502,30,superiority,0.1,False
sealed32,P,S_DN_UF,S: DN−UF,0.0,-0.09375,0.15625,0.03809961900380996,24,equivalence,0.1,False
sealed32,P,C_DN_UF,C: DN−UF,0.03571428571428571,0.0,0.125,0.999630003699963,28,superiority,0.15,False
sealed32,P,C_MINUS_S,C−S,0.045454545454545456,-0.15625,0.21875,0.992690073099269,22,superiority,0.15,False
sealed32,P,R0_DN_UF,R0: DN−UF,0.0,-0.0625,0.09375,9.99990000099999e-06,27,equivalence,0.1,True
sealed32,P,R1_DN_UF,R1: DN−UF,-0.03571428571428571,-0.0625,0.0625,1.0,28,superiority,0.15,False
sealed32,P,R1_MINUS_R0,R1−R0,-0.041666666666666664,-0.15625,0.125,1.0,24,superiority,0.15,False
sealed32,P,C_DN_X,C: DN−X,0.041666666666666664,0.0,0.25,0.997430025699743,24,superiority,0.15,False
sealed32,P,C_DN_CO,C: DN−CO,0.0,-0.03125,0.03125,1.0,30,superiority,0.1,False
sealed32,P,C_DN_N0,C: DN−N0,0.0,-0.03125,0.03125,1.0,30,superiority,0.1,False
sealed32,P,R1_DN_X,R1: DN−X,-0.03225806451612903,-0.0625,-0.03125,1.0,31,superiority,0.15,False
sealed32,P,R1_DN_CO,R1: DN−CO,0.0,-0.03125,0.0,0.996930030699693,31,superiority,0.1,False
sealed32,P,R1_DN_N0,R1: DN−N0,-0.03333333333333333,-0.0625,0.03125,1.0,30,superiority,0.1,False
sealed32,ORDERED_O,S_DN_UF,S: DN−UF,0.125,-0.125,0.125,0.5574144258557414,24,equivalence,0.1,False
sealed32,ORDERED_O,C_DN_UF,C: DN−UF,0.03571428571428571,0.0,0.125,0.9087509124908751,28,superiority,0.15,False
sealed32,ORDERED_O,C_MINUS_S,C−S,-0.045454545454545456,-0.125,0.25,0.93810061899381,22,superiority,0.15,False
sealed32,ORDERED_O,R0_DN_UF,R0: DN−UF,-0.1111111111111111,-0.15625,0.0,0.5141848581514185,27,equivalence,0.1,False
sealed32,ORDERED_O,R1_DN_UF,R1: DN−UF,0.0,-0.03125,0.09375,0.973560264397356,28,superiority,0.15,False
sealed32,ORDERED_O,R1_MINUS_R0,R1−R0,0.125,-0.03125,0.25,0.5610343896561034,24,superiority,0.15,False
sealed32,ORDERED_O,C_DN_X,C: DN−X,0.041666666666666664,-0.03125,0.21875,0.9137608623913761,24,superiority,0.15,False
sealed32,ORDERED_O,C_DN_CO,C: DN−CO,-0.03333333333333333,-0.0625,0.0,0.99660003399966,30,superiority,0.1,False
sealed32,ORDERED_O,C_DN_N0,C: DN−N0,0.06666666666666667,0.03125,0.09375,0.6618633813661864,30,superiority,0.1,False
sealed32,ORDERED_O,R1_DN_X,R1: DN−X,0.06451612903225806,0.03125,0.0625,0.8969410305896941,31,superiority,0.15,False
sealed32,ORDERED_O,R1_DN_CO,R1: DN−CO,0.03225806451612903,0.0,0.03125,0.8219817801821981,31,superiority,0.1,False
sealed32,ORDERED_O,R1_DN_N0,R1: DN−N0,0.03333333333333333,0.0,0.09375,0.8142118578814211,30,superiority,0.1,False
