g,r,v,z_plus,z_minus,p_plus,p_minus,abs_E_plus,abs_E_minus,worst_case,identity
-0.02,0.2,0.1,1.1,0.9,1.4100000000000001,1.01,0.2436,0.23560000000000003,0.2436,DETERMINISTIC_ANALYTIC_ILLUSTRATION_NOT_EMPIRICAL_SAMPLE
-0.01956,0.2,0.1,1.1,0.9,1.4100000000000001,1.01,0.24264940640000002,0.23482540640000002,0.24264940640000002,DETERMINISTIC_ANALYTIC_ILLUSTRATION_NOT_EMPIRICAL_SAMPLE
-0.01912,0.2,0.1,1.1,0.9,1.4100000000000001,1.01,0.24169842560000002,0.2340504256,0.24169842560000002,DETERMINISTIC_ANALYTIC_ILLUSTRATION_NOT_EMPIRICAL_SAMPLE
-0.018680000000000002,0.2,0.1,1.1,0.9,1.4100000000000001,1.01,0.2407470576,0.2332750576,0.2407470576,DETERMINISTIC_ANALYTIC_ILLUSTRATION_NOT_EMPIRICAL_SAMPLE
-0.01824,0.2,0.1,1.1,0.9,1.4100000000000001,1.01,0.23979530240000002,0.2324993024,0.23979530240000002,DETERMINISTIC_ANALYTIC_ILLUSTRATION_NOT_EMPIRICAL_SAMPLE
-0.0178,0.2,0.1,1.1,0.9,1.4100000000000001,1.01,0.23884316,0.23172316,0.23884316,DETERMINISTIC_ANALYTIC_ILLUSTRATION_NOT_EMPIRICAL_SAMPLE
-0.01736,0.2,0.1,1.1,0.9,1.4100000000000001,1.01,0.23789063040000002,0.23094663040000002,0.23789063040000002,DETERMINISTIC_ANALYTIC_ILLUSTRATION_NOT_EMPIRICAL_SAMPLE
-0.01692,0.2,0.1,1.1,0.9,1.4100000000000001,1.01,0.23693771360000002,0.23016971360000002,0.23693771360000002,DETERMINISTIC_ANALYTIC_ILLUSTRATION_NOT_EMPIRICAL_SAMPLE
-0.01648,0.2,0.1,1.1,0.9,1.4100000000000001,1.01,0.2359844096,0.2293924096,0.2359844096,DETERMINISTIC_ANALYTIC_ILLUSTRATION_NOT_EMPIRICAL_SAMPLE
-0.01604,0.2,0.1,1.1,0.9,1.4100000000000001,1.01,0.2350307184,0.2286147184,0.2350307184,DETERMINISTIC_ANALYTIC_ILLUSTRATION_NOT_EMPIRICAL_SAMPLE
-0.0156,0.2,0.1,1.1,0.9,1.4100000000000001,1.01,0.23407664,0.22783664,0.23407664,DETERMINISTIC_ANALYTIC_ILLUSTRATION_NOT_EMPIRICAL_SAMPLE
-0.01516,0.2,0.1,1.1,0.9,1.4100000000000001,1.01,0.23312217440000002,0.2270581744,0.23312217440000002,DETERMINISTIC_ANALYTIC_ILLUSTRATION_NOT_EMPIRICAL_SAMPLE
-0.01472,0.2,0.1,1.1,0.9,1.4100000000000001,1.01,0.2321673216,0.22627932160000003,0.2321673216,DETERMINISTIC_ANALYTIC_ILLUSTRATION_NOT_EMPIRICAL_SAMPLE
-0.014280000000000001,0.2,0.1,1.1,0.9,1.4100000000000001,1.01,0.2312120816,0.2255000816,0.2312120816,DETERMINISTIC_ANALYTIC_ILLUSTRATION_NOT_EMPIRICAL_SAMPLE
-0.01384,0.2,0.1,1.1,0.9,1.4100000000000001,1.01,0.2302564544,0.22472045440000002,0.2302564544,DETERMINISTIC_ANALYTIC_ILLUSTRATION_NOT_EMPIRICAL_SAMPLE
-0.0134,0.2,0.1,1.1,0.9,1.4100000000000001,1.01,0.22930044000000002,0.22394044000000002,0.22930044000000002,DETERMINISTIC_ANALYTIC_ILLUSTRATION_NOT_EMPIRICAL_SAMPLE
-0.01296,0.2,0.1,1.1,0.9,1.4100000000000001,1.01,0.2283440384,0.2231600384,0.2283440384,DETERMINISTIC_ANALYTIC_ILLUSTRATION_NOT_EMPIRICAL_SAMPLE
-0.01252,0.2,0.1,1.1,0.9,1.4100000000000001,1.01,0.2273872496,0.22237924960000002,0.2273872496,DETERMINISTIC_ANALYTIC_ILLUSTRATION_NOT_EMPIRICAL_SAMPLE
-0.01208,0.2,0.1,1.1,0.9,1.4100000000000001,1.01,0.2264300736,0.2215980736,0.2264300736,DETERMINISTIC_ANALYTIC_ILLUSTRATION_NOT_EMPIRICAL_SAMPLE
-0.011640000000000001,0.2,0.1,1.1,0.9,1.4100000000000001,1.01,0.22547251040000002,0.2208165104,0.22547251040000002,DETERMINISTIC_ANALYTIC_ILLUSTRATION_NOT_EMPIRICAL_SAMPLE
-0.0112,0.2,0.1,1.1,0.9,1.4100000000000001,1.01,0.22451456,0.22003456000000002,0.22451456,DETERMINISTIC_ANALYTIC_ILLUSTRATION_NOT_EMPIRICAL_SAMPLE
-0.01076,0.2,0.1,1.1,0.9,1.4100000000000001,1.01,0.2235562224,0.2192522224,0.2235562224,DETERMINISTIC_ANALYTIC_ILLUSTRATION_NOT_EMPIRICAL_SAMPLE
-0.010320000000000001,0.2,0.1,1.1,0.9,1.4100000000000001,1.01,0.22259749760000003,0.2184694976,0.22259749760000003,DETERMINISTIC_ANALYTIC_ILLUSTRATION_NOT_EMPIRICAL_SAMPLE
-0.009880000000000002,0.2,0.1,1.1,0.9,1.4100000000000001,1.01,0.22163838560000002,0.2176863856,0.22163838560000002,DETERMINISTIC_ANALYTIC_ILLUSTRATION_NOT_EMPIRICAL_SAMPLE
-0.00944,0.2,0.1,1.1,0.9,1.4100000000000001,1.01,0.22067888640000002,0.21690288640000002,0.22067888640000002,DETERMINISTIC_ANALYTIC_ILLUSTRATION_NOT_EMPIRICAL_SAMPLE
-0.009000000000000001,0.2,0.1,1.1,0.9,1.4100000000000001,1.01,0.21971900000000003,0.216119,0.21971900000000003,DETERMINISTIC_ANALYTIC_ILLUSTRATION_NOT_EMPIRICAL_SAMPLE
-0.008560000000000002,0.2,0.1,1.1,0.9,1.4100000000000001,1.01,0.21875872640000002,0.2153347264,0.21875872640000002,DETERMINISTIC_ANALYTIC_ILLUSTRATION_NOT_EMPIRICAL_SAMPLE
-0.00812,0.2,0.1,1.1,0.9,1.4100000000000001,1.01,0.2177980656,0.2145500656,0.2177980656,DETERMINISTIC_ANALYTIC_ILLUSTRATION_NOT_EMPIRICAL_SAMPLE
-0.007679999999999999,0.2,0.1,1.1,0.9,1.4100000000000001,1.01,0.21683701760000001,0.21376501760000002,0.21683701760000001,DETERMINISTIC_ANALYTIC_ILLUSTRATION_NOT_EMPIRICAL_SAMPLE
-0.00724,0.2,0.1,1.1,0.9,1.4100000000000001,1.01,0.21587558240000002,0.2129795824,0.21587558240000002,DETERMINISTIC_ANALYTIC_ILLUSTRATION_NOT_EMPIRICAL_SAMPLE
-0.0068000000000000005,0.2,0.1,1.1,0.9,1.4100000000000001,1.01,0.21491376,0.21219376,0.21491376,DETERMINISTIC_ANALYTIC_ILLUSTRATION_NOT_EMPIRICAL_SAMPLE
-0.006359999999999999,0.2,0.1,1.1,0.9,1.4100000000000001,1.01,0.21395155040000002,0.2114075504,0.21395155040000002,DETERMINISTIC_ANALYTIC_ILLUSTRATION_NOT_EMPIRICAL_SAMPLE
-0.00592,0.2,0.1,1.1,0.9,1.4100000000000001,1.01,0.2129889536,0.21062095360000002,0.2129889536,DETERMINISTIC_ANALYTIC_ILLUSTRATION_NOT_EMPIRICAL_SAMPLE
-0.0054800000000000005,0.2,0.1,1.1,0.9,1.4100000000000001,1.01,0.2120259696,0.2098339696,0.2120259696,DETERMINISTIC_ANALYTIC_ILLUSTRATION_NOT_EMPIRICAL_SAMPLE
-0.005039999999999999,0.2,0.1,1.1,0.9,1.4100000000000001,1.01,0.21106259840000002,0.2090465984,0.21106259840000002,DETERMINISTIC_ANALYTIC_ILLUSTRATION_NOT_EMPIRICAL_SAMPLE
-0.0046,0.2,0.1,1.1,0.9,1.4100000000000001,1.01,0.21009884,0.20825884,0.21009884,DETERMINISTIC_ANALYTIC_ILLUSTRATION_NOT_EMPIRICAL_SAMPLE
-0.0041600000000000005,0.2,0.1,1.1,0.9,1.4100000000000001,1.01,0.20913469440000002,0.20747069440000002,0.20913469440000002,DETERMINISTIC_ANALYTIC_ILLUSTRATION_NOT_EMPIRICAL_SAMPLE
-0.0037199999999999976,0.2,0.1,1.1,0.9,1.4100000000000001,1.01,0.20817016160000001,0.2066821616,0.20817016160000001,DETERMINISTIC_ANALYTIC_ILLUSTRATION_NOT_EMPIRICAL_SAMPLE
-0.0032800000000000017,0.2,0.1,1.1,0.9,1.4100000000000001,1.01,0.2072052416,0.20589324160000003,0.2072052416,DETERMINISTIC_ANALYTIC_ILLUSTRATION_NOT_EMPIRICAL_SAMPLE
-0.0028399999999999988,0.2,0.1,1.1,0.9,1.4100000000000001,1.01,0.20623993440000002,0.20510393440000002,0.20623993440000002,DETERMINISTIC_ANALYTIC_ILLUSTRATION_NOT_EMPIRICAL_SAMPLE
-0.0023999999999999994,0.2,0.1,1.1,0.9,1.4100000000000001,1.01,0.20527424,0.20431424,0.20527424,DETERMINISTIC_ANALYTIC_ILLUSTRATION_NOT_EMPIRICAL_SAMPLE
-0.00196,0.2,0.1,1.1,0.9,1.4100000000000001,1.01,0.20430815840000002,0.20352415840000002,0.20430815840000002,DETERMINISTIC_ANALYTIC_ILLUSTRATION_NOT_EMPIRICAL_SAMPLE
-0.0015200000000000005,0.2,0.1,1.1,0.9,1.4100000000000001,1.01,0.20334168960000001,0.20273368960000002,0.20334168960000001,DETERMINISTIC_ANALYTIC_ILLUSTRATION_NOT_EMPIRICAL_SAMPLE
-0.0010799999999999976,0.2,0.1,1.1,0.9,1.4100000000000001,1.01,0.2023748336,0.2019428336,0.2023748336,DETERMINISTIC_ANALYTIC_ILLUSTRATION_NOT_EMPIRICAL_SAMPLE
-0.0006400000000000017,0.2,0.1,1.1,0.9,1.4100000000000001,1.01,0.2014075904,0.20115159040000002,0.2014075904,DETERMINISTIC_ANALYTIC_ILLUSTRATION_NOT_EMPIRICAL_SAMPLE
-0.0001999999999999988,0.2,0.1,1.1,0.9,1.4100000000000001,1.01,0.20043996,0.20035996,0.20043996,DETERMINISTIC_ANALYTIC_ILLUSTRATION_NOT_EMPIRICAL_SAMPLE
0.00023999999999999716,0.2,0.1,1.1,0.9,1.4100000000000001,1.01,0.19947194240000002,0.1995679424,0.1995679424,DETERMINISTIC_ANALYTIC_ILLUSTRATION_NOT_EMPIRICAL_SAMPLE
0.00068,0.2,0.1,1.1,0.9,1.4100000000000001,1.01,0.1985035376,0.19877553760000002,0.19877553760000002,DETERMINISTIC_ANALYTIC_ILLUSTRATION_NOT_EMPIRICAL_SAMPLE
0.0011199999999999995,0.2,0.1,1.1,0.9,1.4100000000000001,1.01,0.1975347456,0.1979827456,0.1979827456,DETERMINISTIC_ANALYTIC_ILLUSTRATION_NOT_EMPIRICAL_SAMPLE
0.0015599999999999989,0.2,0.1,1.1,0.9,1.4100000000000001,1.01,0.1965655664,0.19718956640000002,0.19718956640000002,DETERMINISTIC_ANALYTIC_ILLUSTRATION_NOT_EMPIRICAL_SAMPLE
0.0019999999999999983,0.2,0.1,1.1,0.9,1.4100000000000001,1.01,0.19559600000000002,0.19639600000000002,0.19639600000000002,DETERMINISTIC_ANALYTIC_ILLUSTRATION_NOT_EMPIRICAL_SAMPLE
0.002440000000000001,0.2,0.1,1.1,0.9,1.4100000000000001,1.01,0.1946260464,0.1956020464,0.1956020464,DETERMINISTIC_ANALYTIC_ILLUSTRATION_NOT_EMPIRICAL_SAMPLE
0.002879999999999997,0.2,0.1,1.1,0.9,1.4100000000000001,1.01,0.1936557056,0.19480770560000002,0.19480770560000002,DETERMINISTIC_ANALYTIC_ILLUSTRATION_NOT_EMPIRICAL_SAMPLE
0.00332,0.2,0.1,1.1,0.9,1.4100000000000001,1.01,0.1926849776,0.1940129776,0.1940129776,DETERMINISTIC_ANALYTIC_ILLUSTRATION_NOT_EMPIRICAL_SAMPLE
0.0037599999999999995,0.2,0.1,1.1,0.9,1.4100000000000001,1.01,0.19171386240000002,0.19321786240000002,0.19321786240000002,DETERMINISTIC_ANALYTIC_ILLUSTRATION_NOT_EMPIRICAL_SAMPLE
0.004199999999999999,0.2,0.1,1.1,0.9,1.4100000000000001,1.01,0.19074236,0.19242236000000001,0.19242236000000001,DETERMINISTIC_ANALYTIC_ILLUSTRATION_NOT_EMPIRICAL_SAMPLE
0.004640000000000002,0.2,0.1,1.1,0.9,1.4100000000000001,1.01,0.1897704704,0.1916264704,0.1916264704,DETERMINISTIC_ANALYTIC_ILLUSTRATION_NOT_EMPIRICAL_SAMPLE
0.005080000000000001,0.2,0.1,1.1,0.9,1.4100000000000001,1.01,0.1887981936,0.1908301936,0.1908301936,DETERMINISTIC_ANALYTIC_ILLUSTRATION_NOT_EMPIRICAL_SAMPLE
0.005520000000000001,0.2,0.1,1.1,0.9,1.4100000000000001,1.01,0.1878255296,0.1900335296,0.1900335296,DETERMINISTIC_ANALYTIC_ILLUSTRATION_NOT_EMPIRICAL_SAMPLE
0.00596,0.2,0.1,1.1,0.9,1.4100000000000001,1.01,0.18685247840000002,0.18923647840000002,0.18923647840000002,DETERMINISTIC_ANALYTIC_ILLUSTRATION_NOT_EMPIRICAL_SAMPLE
0.0063999999999999994,0.2,0.1,1.1,0.9,1.4100000000000001,1.01,0.18587904000000002,0.18843904,0.18843904,DETERMINISTIC_ANALYTIC_ILLUSTRATION_NOT_EMPIRICAL_SAMPLE
0.006839999999999999,0.2,0.1,1.1,0.9,1.4100000000000001,1.01,0.18490521440000002,0.1876412144,0.1876412144,DETERMINISTIC_ANALYTIC_ILLUSTRATION_NOT_EMPIRICAL_SAMPLE
0.007280000000000002,0.2,0.1,1.1,0.9,1.4100000000000001,1.01,0.1839310016,0.1868430016,0.1868430016,DETERMINISTIC_ANALYTIC_ILLUSTRATION_NOT_EMPIRICAL_SAMPLE
0.007719999999999998,0.2,0.1,1.1,0.9,1.4100000000000001,1.01,0.1829564016,0.18604440160000002,0.18604440160000002,DETERMINISTIC_ANALYTIC_ILLUSTRATION_NOT_EMPIRICAL_SAMPLE
0.00816,0.2,0.1,1.1,0.9,1.4100000000000001,1.01,0.1819814144,0.1852454144,0.1852454144,DETERMINISTIC_ANALYTIC_ILLUSTRATION_NOT_EMPIRICAL_SAMPLE
0.0086,0.2,0.1,1.1,0.9,1.4100000000000001,1.01,0.18100604,0.18444604,0.18444604,DETERMINISTIC_ANALYTIC_ILLUSTRATION_NOT_EMPIRICAL_SAMPLE
0.00904,0.2,0.1,1.1,0.9,1.4100000000000001,1.01,0.18003027840000002,0.1836462784,0.1836462784,DETERMINISTIC_ANALYTIC_ILLUSTRATION_NOT_EMPIRICAL_SAMPLE
0.009479999999999999,0.2,0.1,1.1,0.9,1.4100000000000001,1.01,0.1790541296,0.18284612960000002,0.18284612960000002,DETERMINISTIC_ANALYTIC_ILLUSTRATION_NOT_EMPIRICAL_SAMPLE
0.009920000000000002,0.2,0.1,1.1,0.9,1.4100000000000001,1.01,0.1780775936,0.1820455936,0.1820455936,DETERMINISTIC_ANALYTIC_ILLUSTRATION_NOT_EMPIRICAL_SAMPLE
0.010359999999999998,0.2,0.1,1.1,0.9,1.4100000000000001,1.01,0.17710067040000002,0.1812446704,0.1812446704,DETERMINISTIC_ANALYTIC_ILLUSTRATION_NOT_EMPIRICAL_SAMPLE
0.0108,0.2,0.1,1.1,0.9,1.4100000000000001,1.01,0.17612336,0.18044336,0.18044336,DETERMINISTIC_ANALYTIC_ILLUSTRATION_NOT_EMPIRICAL_SAMPLE
0.011239999999999997,0.2,0.1,1.1,0.9,1.4100000000000001,1.01,0.1751456624,0.1796416624,0.1796416624,DETERMINISTIC_ANALYTIC_ILLUSTRATION_NOT_EMPIRICAL_SAMPLE
0.01168,0.2,0.1,1.1,0.9,1.4100000000000001,1.01,0.1741675776,0.17883957760000002,0.17883957760000002,DETERMINISTIC_ANALYTIC_ILLUSTRATION_NOT_EMPIRICAL_SAMPLE
0.012119999999999995,0.2,0.1,1.1,0.9,1.4100000000000001,1.01,0.1731891056,0.17803710560000002,0.17803710560000002,DETERMINISTIC_ANALYTIC_ILLUSTRATION_NOT_EMPIRICAL_SAMPLE
0.012560000000000005,0.2,0.1,1.1,0.9,1.4100000000000001,1.01,0.1722102464,0.1772342464,0.1772342464,DETERMINISTIC_ANALYTIC_ILLUSTRATION_NOT_EMPIRICAL_SAMPLE
0.013000000000000001,0.2,0.1,1.1,0.9,1.4100000000000001,1.01,0.17123100000000002,0.176431,0.176431,DETERMINISTIC_ANALYTIC_ILLUSTRATION_NOT_EMPIRICAL_SAMPLE
0.013439999999999997,0.2,0.1,1.1,0.9,1.4100000000000001,1.01,0.17025136640000002,0.1756273664,0.1756273664,DETERMINISTIC_ANALYTIC_ILLUSTRATION_NOT_EMPIRICAL_SAMPLE
0.01388,0.2,0.1,1.1,0.9,1.4100000000000001,1.01,0.1692713456,0.1748233456,0.1748233456,DETERMINISTIC_ANALYTIC_ILLUSTRATION_NOT_EMPIRICAL_SAMPLE
0.014320000000000003,0.2,0.1,1.1,0.9,1.4100000000000001,1.01,0.1682909376,0.1740189376,0.1740189376,DETERMINISTIC_ANALYTIC_ILLUSTRATION_NOT_EMPIRICAL_SAMPLE
0.014759999999999999,0.2,0.1,1.1,0.9,1.4100000000000001,1.01,0.1673101424,0.17321414240000002,0.17321414240000002,DETERMINISTIC_ANALYTIC_ILLUSTRATION_NOT_EMPIRICAL_SAMPLE
0.015200000000000002,0.2,0.1,1.1,0.9,1.4100000000000001,1.01,0.16632896,0.17240896,0.17240896,DETERMINISTIC_ANALYTIC_ILLUSTRATION_NOT_EMPIRICAL_SAMPLE
0.015639999999999998,0.2,0.1,1.1,0.9,1.4100000000000001,1.01,0.16534739040000002,0.1716033904,0.1716033904,DETERMINISTIC_ANALYTIC_ILLUSTRATION_NOT_EMPIRICAL_SAMPLE
0.01608,0.2,0.1,1.1,0.9,1.4100000000000001,1.01,0.1643654336,0.17079743360000002,0.17079743360000002,DETERMINISTIC_ANALYTIC_ILLUSTRATION_NOT_EMPIRICAL_SAMPLE
0.016520000000000003,0.2,0.1,1.1,0.9,1.4100000000000001,1.01,0.1633830896,0.1699910896,0.1699910896,DETERMINISTIC_ANALYTIC_ILLUSTRATION_NOT_EMPIRICAL_SAMPLE
0.01696,0.2,0.1,1.1,0.9,1.4100000000000001,1.01,0.1624003584,0.1691843584,0.1691843584,DETERMINISTIC_ANALYTIC_ILLUSTRATION_NOT_EMPIRICAL_SAMPLE
0.017399999999999995,0.2,0.1,1.1,0.9,1.4100000000000001,1.01,0.16141724000000002,0.16837724,0.16837724,DETERMINISTIC_ANALYTIC_ILLUSTRATION_NOT_EMPIRICAL_SAMPLE
0.017840000000000005,0.2,0.1,1.1,0.9,1.4100000000000001,1.01,0.1604337344,0.1675697344,0.1675697344,DETERMINISTIC_ANALYTIC_ILLUSTRATION_NOT_EMPIRICAL_SAMPLE
0.01828,0.2,0.1,1.1,0.9,1.4100000000000001,1.01,0.1594498416,0.16676184160000002,0.16676184160000002,DETERMINISTIC_ANALYTIC_ILLUSTRATION_NOT_EMPIRICAL_SAMPLE
0.018719999999999997,0.2,0.1,1.1,0.9,1.4100000000000001,1.01,0.15846556160000003,0.16595356160000002,0.16595356160000002,DETERMINISTIC_ANALYTIC_ILLUSTRATION_NOT_EMPIRICAL_SAMPLE
0.01916,0.2,0.1,1.1,0.9,1.4100000000000001,1.01,0.15748089440000002,0.16514489440000002,0.16514489440000002,DETERMINISTIC_ANALYTIC_ILLUSTRATION_NOT_EMPIRICAL_SAMPLE
0.019600000000000003,0.2,0.1,1.1,0.9,1.4100000000000001,1.01,0.15649584,0.16433584,0.16433584,DETERMINISTIC_ANALYTIC_ILLUSTRATION_NOT_EMPIRICAL_SAMPLE
0.02004,0.2,0.1,1.1,0.9,1.4100000000000001,1.01,0.1555103984,0.1635263984,0.1635263984,DETERMINISTIC_ANALYTIC_ILLUSTRATION_NOT_EMPIRICAL_SAMPLE
0.020479999999999995,0.2,0.1,1.1,0.9,1.4100000000000001,1.01,0.15452456960000002,0.16271656960000003,0.16271656960000003,DETERMINISTIC_ANALYTIC_ILLUSTRATION_NOT_EMPIRICAL_SAMPLE
0.020920000000000005,0.2,0.1,1.1,0.9,1.4100000000000001,1.01,0.1535383536,0.1619063536,0.1619063536,DETERMINISTIC_ANALYTIC_ILLUSTRATION_NOT_EMPIRICAL_SAMPLE
0.02136,0.2,0.1,1.1,0.9,1.4100000000000001,1.01,0.15255175040000002,0.16109575040000002,0.16109575040000002,DETERMINISTIC_ANALYTIC_ILLUSTRATION_NOT_EMPIRICAL_SAMPLE
0.021799999999999996,0.2,0.1,1.1,0.9,1.4100000000000001,1.01,0.15156476000000002,0.16028476000000003,0.16028476000000003,DETERMINISTIC_ANALYTIC_ILLUSTRATION_NOT_EMPIRICAL_SAMPLE
0.02224,0.2,0.1,1.1,0.9,1.4100000000000001,1.01,0.15057738240000001,0.15947338240000003,0.15947338240000003,DETERMINISTIC_ANALYTIC_ILLUSTRATION_NOT_EMPIRICAL_SAMPLE
0.022680000000000002,0.2,0.1,1.1,0.9,1.4100000000000001,1.01,0.1495896176,0.1586616176,0.1586616176,DETERMINISTIC_ANALYTIC_ILLUSTRATION_NOT_EMPIRICAL_SAMPLE
0.023119999999999998,0.2,0.1,1.1,0.9,1.4100000000000001,1.01,0.1486014656,0.15784946560000002,0.15784946560000002,DETERMINISTIC_ANALYTIC_ILLUSTRATION_NOT_EMPIRICAL_SAMPLE
0.02356,0.2,0.1,1.1,0.9,1.4100000000000001,1.01,0.1476129264,0.1570369264,0.1570369264,DETERMINISTIC_ANALYTIC_ILLUSTRATION_NOT_EMPIRICAL_SAMPLE
0.023999999999999997,0.2,0.1,1.1,0.9,1.4100000000000001,1.01,0.146624,0.15622400000000003,0.15622400000000003,DETERMINISTIC_ANALYTIC_ILLUSTRATION_NOT_EMPIRICAL_SAMPLE
0.02444,0.2,0.1,1.1,0.9,1.4100000000000001,1.01,0.1456346864,0.1554106864,0.1554106864,DETERMINISTIC_ANALYTIC_ILLUSTRATION_NOT_EMPIRICAL_SAMPLE
0.024880000000000003,0.2,0.1,1.1,0.9,1.4100000000000001,1.01,0.1446449856,0.15459698560000001,0.15459698560000001,DETERMINISTIC_ANALYTIC_ILLUSTRATION_NOT_EMPIRICAL_SAMPLE
0.02532,0.2,0.1,1.1,0.9,1.4100000000000001,1.01,0.1436548976,0.15378289760000002,0.15378289760000002,DETERMINISTIC_ANALYTIC_ILLUSTRATION_NOT_EMPIRICAL_SAMPLE
0.025759999999999995,0.2,0.1,1.1,0.9,1.4100000000000001,1.01,0.14266442240000002,0.15296842240000003,0.15296842240000003,DETERMINISTIC_ANALYTIC_ILLUSTRATION_NOT_EMPIRICAL_SAMPLE
0.026200000000000005,0.2,0.1,1.1,0.9,1.4100000000000001,1.01,0.14167355999999998,0.15215356,0.15215356,DETERMINISTIC_ANALYTIC_ILLUSTRATION_NOT_EMPIRICAL_SAMPLE
0.02664,0.2,0.1,1.1,0.9,1.4100000000000001,1.01,0.1406823104,0.1513383104,0.1513383104,DETERMINISTIC_ANALYTIC_ILLUSTRATION_NOT_EMPIRICAL_SAMPLE
0.027079999999999996,0.2,0.1,1.1,0.9,1.4100000000000001,1.01,0.1396906736,0.15052267360000002,0.15052267360000002,DETERMINISTIC_ANALYTIC_ILLUSTRATION_NOT_EMPIRICAL_SAMPLE
0.02752,0.2,0.1,1.1,0.9,1.4100000000000001,1.01,0.1386986496,0.14970664960000002,0.14970664960000002,DETERMINISTIC_ANALYTIC_ILLUSTRATION_NOT_EMPIRICAL_SAMPLE
0.027960000000000002,0.2,0.1,1.1,0.9,1.4100000000000001,1.01,0.13770623840000001,0.1488902384,0.1488902384,DETERMINISTIC_ANALYTIC_ILLUSTRATION_NOT_EMPIRICAL_SAMPLE
0.028399999999999998,0.2,0.1,1.1,0.9,1.4100000000000001,1.01,0.13671344000000002,0.14807344,0.14807344,DETERMINISTIC_ANALYTIC_ILLUSTRATION_NOT_EMPIRICAL_SAMPLE
0.02884,0.2,0.1,1.1,0.9,1.4100000000000001,1.01,0.13572025440000002,0.1472562544,0.1472562544,DETERMINISTIC_ANALYTIC_ILLUSTRATION_NOT_EMPIRICAL_SAMPLE
0.029280000000000004,0.2,0.1,1.1,0.9,1.4100000000000001,1.01,0.1347266816,0.1464386816,0.1464386816,DETERMINISTIC_ANALYTIC_ILLUSTRATION_NOT_EMPIRICAL_SAMPLE
0.02972,0.2,0.1,1.1,0.9,1.4100000000000001,1.01,0.1337327216,0.1456207216,0.1456207216,DETERMINISTIC_ANALYTIC_ILLUSTRATION_NOT_EMPIRICAL_SAMPLE
0.030160000000000003,0.2,0.1,1.1,0.9,1.4100000000000001,1.01,0.1327383744,0.14480237440000002,0.14480237440000002,DETERMINISTIC_ANALYTIC_ILLUSTRATION_NOT_EMPIRICAL_SAMPLE
0.0306,0.2,0.1,1.1,0.9,1.4100000000000001,1.01,0.13174364,0.14398364000000002,0.14398364000000002,DETERMINISTIC_ANALYTIC_ILLUSTRATION_NOT_EMPIRICAL_SAMPLE
0.03104,0.2,0.1,1.1,0.9,1.4100000000000001,1.01,0.1307485184,0.1431645184,0.1431645184,DETERMINISTIC_ANALYTIC_ILLUSTRATION_NOT_EMPIRICAL_SAMPLE
0.031479999999999994,0.2,0.1,1.1,0.9,1.4100000000000001,1.01,0.12975300960000002,0.14234500960000002,0.14234500960000002,DETERMINISTIC_ANALYTIC_ILLUSTRATION_NOT_EMPIRICAL_SAMPLE
0.031920000000000004,0.2,0.1,1.1,0.9,1.4100000000000001,1.01,0.1287571136,0.1415251136,0.1415251136,DETERMINISTIC_ANALYTIC_ILLUSTRATION_NOT_EMPIRICAL_SAMPLE
0.03236,0.2,0.1,1.1,0.9,1.4100000000000001,1.01,0.12776083040000002,0.1407048304,0.1407048304,DETERMINISTIC_ANALYTIC_ILLUSTRATION_NOT_EMPIRICAL_SAMPLE
0.032799999999999996,0.2,0.1,1.1,0.9,1.4100000000000001,1.01,0.12676416000000001,0.13988416,0.13988416,DETERMINISTIC_ANALYTIC_ILLUSTRATION_NOT_EMPIRICAL_SAMPLE
0.033240000000000006,0.2,0.1,1.1,0.9,1.4100000000000001,1.01,0.1257671024,0.1390631024,0.1390631024,DETERMINISTIC_ANALYTIC_ILLUSTRATION_NOT_EMPIRICAL_SAMPLE
0.03368,0.2,0.1,1.1,0.9,1.4100000000000001,1.01,0.1247696576,0.1382416576,0.1382416576,DETERMINISTIC_ANALYTIC_ILLUSTRATION_NOT_EMPIRICAL_SAMPLE
0.03412,0.2,0.1,1.1,0.9,1.4100000000000001,1.01,0.12377182560000001,0.13741982560000002,0.13741982560000002,DETERMINISTIC_ANALYTIC_ILLUSTRATION_NOT_EMPIRICAL_SAMPLE
0.03456000000000001,0.2,0.1,1.1,0.9,1.4100000000000001,1.01,0.1227736064,0.13659760640000002,0.13659760640000002,DETERMINISTIC_ANALYTIC_ILLUSTRATION_NOT_EMPIRICAL_SAMPLE
0.035,0.2,0.1,1.1,0.9,1.4100000000000001,1.01,0.121775,0.13577499999999998,0.13577499999999998,DETERMINISTIC_ANALYTIC_ILLUSTRATION_NOT_EMPIRICAL_SAMPLE
0.03544,0.2,0.1,1.1,0.9,1.4100000000000001,1.01,0.1207760064,0.1349520064,0.1349520064,DETERMINISTIC_ANALYTIC_ILLUSTRATION_NOT_EMPIRICAL_SAMPLE
0.035879999999999995,0.2,0.1,1.1,0.9,1.4100000000000001,1.01,0.11977662560000002,0.13412862560000002,0.13412862560000002,DETERMINISTIC_ANALYTIC_ILLUSTRATION_NOT_EMPIRICAL_SAMPLE
0.036320000000000005,0.2,0.1,1.1,0.9,1.4100000000000001,1.01,0.1187768576,0.1333048576,0.1333048576,DETERMINISTIC_ANALYTIC_ILLUSTRATION_NOT_EMPIRICAL_SAMPLE
0.03676,0.2,0.1,1.1,0.9,1.4100000000000001,1.01,0.1177767024,0.1324807024,0.1324807024,DETERMINISTIC_ANALYTIC_ILLUSTRATION_NOT_EMPIRICAL_SAMPLE
0.0372,0.2,0.1,1.1,0.9,1.4100000000000001,1.01,0.11677616000000002,0.13165616000000002,0.13165616000000002,DETERMINISTIC_ANALYTIC_ILLUSTRATION_NOT_EMPIRICAL_SAMPLE
0.03764000000000001,0.2,0.1,1.1,0.9,1.4100000000000001,1.01,0.11577523039999998,0.1308312304,0.1308312304,DETERMINISTIC_ANALYTIC_ILLUSTRATION_NOT_EMPIRICAL_SAMPLE
0.03808,0.2,0.1,1.1,0.9,1.4100000000000001,1.01,0.1147739136,0.13000591360000002,0.13000591360000002,DETERMINISTIC_ANALYTIC_ILLUSTRATION_NOT_EMPIRICAL_SAMPLE
0.03852,0.2,0.1,1.1,0.9,1.4100000000000001,1.01,0.11377220960000001,0.1291802096,0.1291802096,DETERMINISTIC_ANALYTIC_ILLUSTRATION_NOT_EMPIRICAL_SAMPLE
0.038959999999999995,0.2,0.1,1.1,0.9,1.4100000000000001,1.01,0.11277011840000002,0.12835411840000002,0.12835411840000002,DETERMINISTIC_ANALYTIC_ILLUSTRATION_NOT_EMPIRICAL_SAMPLE
0.039400000000000004,0.2,0.1,1.1,0.9,1.4100000000000001,1.01,0.11176763999999999,0.12752764,0.12752764,DETERMINISTIC_ANALYTIC_ILLUSTRATION_NOT_EMPIRICAL_SAMPLE
0.03984,0.2,0.1,1.1,0.9,1.4100000000000001,1.01,0.1107647744,0.1267007744,0.1267007744,DETERMINISTIC_ANALYTIC_ILLUSTRATION_NOT_EMPIRICAL_SAMPLE
0.040279999999999996,0.2,0.1,1.1,0.9,1.4100000000000001,1.01,0.10976152160000001,0.1258735216,0.1258735216,DETERMINISTIC_ANALYTIC_ILLUSTRATION_NOT_EMPIRICAL_SAMPLE
0.04071999999999999,0.2,0.1,1.1,0.9,1.4100000000000001,1.01,0.10875788160000001,0.12504588160000002,0.12504588160000002,DETERMINISTIC_ANALYTIC_ILLUSTRATION_NOT_EMPIRICAL_SAMPLE
0.04116,0.2,0.1,1.1,0.9,1.4100000000000001,1.01,0.1077538544,0.12421785440000001,0.12421785440000001,DETERMINISTIC_ANALYTIC_ILLUSTRATION_NOT_EMPIRICAL_SAMPLE
0.0416,0.2,0.1,1.1,0.9,1.4100000000000001,1.01,0.10674944,0.12338944,0.12338944,DETERMINISTIC_ANALYTIC_ILLUSTRATION_NOT_EMPIRICAL_SAMPLE
0.042039999999999994,0.2,0.1,1.1,0.9,1.4100000000000001,1.01,0.10574463840000001,0.12256063840000002,0.12256063840000002,DETERMINISTIC_ANALYTIC_ILLUSTRATION_NOT_EMPIRICAL_SAMPLE
0.04247999999999999,0.2,0.1,1.1,0.9,1.4100000000000001,1.01,0.10473944960000003,0.12173144960000003,0.12173144960000003,DETERMINISTIC_ANALYTIC_ILLUSTRATION_NOT_EMPIRICAL_SAMPLE
0.04292,0.2,0.1,1.1,0.9,1.4100000000000001,1.01,0.1037338736,0.1209018736,0.1209018736,DETERMINISTIC_ANALYTIC_ILLUSTRATION_NOT_EMPIRICAL_SAMPLE
0.043359999999999996,0.2,0.1,1.1,0.9,1.4100000000000001,1.01,0.10272791040000001,0.12007191040000002,0.12007191040000002,DETERMINISTIC_ANALYTIC_ILLUSTRATION_NOT_EMPIRICAL_SAMPLE
0.04379999999999999,0.2,0.1,1.1,0.9,1.4100000000000001,1.01,0.10172156000000003,0.11924156000000002,0.11924156000000002,DETERMINISTIC_ANALYTIC_ILLUSTRATION_NOT_EMPIRICAL_SAMPLE
0.04423999999999999,0.2,0.1,1.1,0.9,1.4100000000000001,1.01,0.10071482240000003,0.11841082240000003,0.11841082240000003,DETERMINISTIC_ANALYTIC_ILLUSTRATION_NOT_EMPIRICAL_SAMPLE
0.04468,0.2,0.1,1.1,0.9,1.4100000000000001,1.01,0.0997076976,0.11757969760000002,0.11757969760000002,DETERMINISTIC_ANALYTIC_ILLUSTRATION_NOT_EMPIRICAL_SAMPLE
0.04512000000000001,0.2,0.1,1.1,0.9,1.4100000000000001,1.01,0.09870018559999999,0.1167481856,0.1167481856,DETERMINISTIC_ANALYTIC_ILLUSTRATION_NOT_EMPIRICAL_SAMPLE
0.04556,0.2,0.1,1.1,0.9,1.4100000000000001,1.01,0.0976922864,0.1159162864,0.1159162864,DETERMINISTIC_ANALYTIC_ILLUSTRATION_NOT_EMPIRICAL_SAMPLE
0.046,0.2,0.1,1.1,0.9,1.4100000000000001,1.01,0.09668399999999999,0.11508400000000002,0.11508400000000002,DETERMINISTIC_ANALYTIC_ILLUSTRATION_NOT_EMPIRICAL_SAMPLE
0.046439999999999995,0.2,0.1,1.1,0.9,1.4100000000000001,1.01,0.09567532640000001,0.1142513264,0.1142513264,DETERMINISTIC_ANALYTIC_ILLUSTRATION_NOT_EMPIRICAL_SAMPLE
0.04687999999999999,0.2,0.1,1.1,0.9,1.4100000000000001,1.01,0.09466626560000002,0.11341826560000003,0.11341826560000003,DETERMINISTIC_ANALYTIC_ILLUSTRATION_NOT_EMPIRICAL_SAMPLE
0.04732,0.2,0.1,1.1,0.9,1.4100000000000001,1.01,0.0936568176,0.11258481760000001,0.11258481760000001,DETERMINISTIC_ANALYTIC_ILLUSTRATION_NOT_EMPIRICAL_SAMPLE
0.04776,0.2,0.1,1.1,0.9,1.4100000000000001,1.01,0.09264698240000001,0.1117509824,0.1117509824,DETERMINISTIC_ANALYTIC_ILLUSTRATION_NOT_EMPIRICAL_SAMPLE
0.04819999999999999,0.2,0.1,1.1,0.9,1.4100000000000001,1.01,0.09163676000000001,0.11091676000000002,0.11091676000000002,DETERMINISTIC_ANALYTIC_ILLUSTRATION_NOT_EMPIRICAL_SAMPLE
0.04864,0.2,0.1,1.1,0.9,1.4100000000000001,1.01,0.0906261504,0.11008215040000001,0.11008215040000001,DETERMINISTIC_ANALYTIC_ILLUSTRATION_NOT_EMPIRICAL_SAMPLE
0.04908,0.2,0.1,1.1,0.9,1.4100000000000001,1.01,0.08961515360000001,0.10924715360000001,0.10924715360000001,DETERMINISTIC_ANALYTIC_ILLUSTRATION_NOT_EMPIRICAL_SAMPLE
0.049519999999999995,0.2,0.1,1.1,0.9,1.4100000000000001,1.01,0.0886037696,0.10841176960000001,0.10841176960000001,DETERMINISTIC_ANALYTIC_ILLUSTRATION_NOT_EMPIRICAL_SAMPLE
0.04995999999999999,0.2,0.1,1.1,0.9,1.4100000000000001,1.01,0.08759199840000002,0.10757599840000003,0.10757599840000003,DETERMINISTIC_ANALYTIC_ILLUSTRATION_NOT_EMPIRICAL_SAMPLE
0.0504,0.2,0.1,1.1,0.9,1.4100000000000001,1.01,0.08657984,0.10673984,0.10673984,DETERMINISTIC_ANALYTIC_ILLUSTRATION_NOT_EMPIRICAL_SAMPLE
0.050839999999999996,0.2,0.1,1.1,0.9,1.4100000000000001,1.01,0.08556729440000001,0.10590329440000001,0.10590329440000001,DETERMINISTIC_ANALYTIC_ILLUSTRATION_NOT_EMPIRICAL_SAMPLE
0.05127999999999999,0.2,0.1,1.1,0.9,1.4100000000000001,1.01,0.08455436160000003,0.10506636160000003,0.10506636160000003,DETERMINISTIC_ANALYTIC_ILLUSTRATION_NOT_EMPIRICAL_SAMPLE
0.05171999999999999,0.2,0.1,1.1,0.9,1.4100000000000001,1.01,0.08354104160000003,0.10422904160000003,0.10422904160000003,DETERMINISTIC_ANALYTIC_ILLUSTRATION_NOT_EMPIRICAL_SAMPLE
0.05216,0.2,0.1,1.1,0.9,1.4100000000000001,1.01,0.0825273344,0.1033913344,0.1033913344,DETERMINISTIC_ANALYTIC_ILLUSTRATION_NOT_EMPIRICAL_SAMPLE
0.052599999999999994,0.2,0.1,1.1,0.9,1.4100000000000001,1.01,0.08151324000000003,0.10255324000000003,0.10255324000000003,DETERMINISTIC_ANALYTIC_ILLUSTRATION_NOT_EMPIRICAL_SAMPLE
0.053040000000000004,0.2,0.1,1.1,0.9,1.4100000000000001,1.01,0.0804987584,0.1017147584,0.1017147584,DETERMINISTIC_ANALYTIC_ILLUSTRATION_NOT_EMPIRICAL_SAMPLE
0.05348,0.2,0.1,1.1,0.9,1.4100000000000001,1.01,0.0794838896,0.1008758896,0.1008758896,DETERMINISTIC_ANALYTIC_ILLUSTRATION_NOT_EMPIRICAL_SAMPLE
0.053919999999999996,0.2,0.1,1.1,0.9,1.4100000000000001,1.01,0.07846863360000002,0.10003663360000002,0.10003663360000002,DETERMINISTIC_ANALYTIC_ILLUSTRATION_NOT_EMPIRICAL_SAMPLE
0.05435999999999999,0.2,0.1,1.1,0.9,1.4100000000000001,1.01,0.07745299040000002,0.09919699040000002,0.09919699040000002,DETERMINISTIC_ANALYTIC_ILLUSTRATION_NOT_EMPIRICAL_SAMPLE
0.05479999999999999,0.2,0.1,1.1,0.9,1.4100000000000001,1.01,0.07643696000000003,0.09835696000000003,0.09835696000000003,DETERMINISTIC_ANALYTIC_ILLUSTRATION_NOT_EMPIRICAL_SAMPLE
0.05524,0.2,0.1,1.1,0.9,1.4100000000000001,1.01,0.0754205424,0.09751654240000002,0.09751654240000002,DETERMINISTIC_ANALYTIC_ILLUSTRATION_NOT_EMPIRICAL_SAMPLE
0.05568000000000001,0.2,0.1,1.1,0.9,1.4100000000000001,1.01,0.07440373759999999,0.09667573759999999,0.09667573759999999,DETERMINISTIC_ANALYTIC_ILLUSTRATION_NOT_EMPIRICAL_SAMPLE
0.05612,0.2,0.1,1.1,0.9,1.4100000000000001,1.01,0.07338654559999999,0.0958345456,0.0958345456,DETERMINISTIC_ANALYTIC_ILLUSTRATION_NOT_EMPIRICAL_SAMPLE
0.05656,0.2,0.1,1.1,0.9,1.4100000000000001,1.01,0.07236896639999998,0.09499296640000002,0.09499296640000002,DETERMINISTIC_ANALYTIC_ILLUSTRATION_NOT_EMPIRICAL_SAMPLE
0.056999999999999995,0.2,0.1,1.1,0.9,1.4100000000000001,1.01,0.071351,0.09415100000000001,0.09415100000000001,DETERMINISTIC_ANALYTIC_ILLUSTRATION_NOT_EMPIRICAL_SAMPLE
0.05743999999999999,0.2,0.1,1.1,0.9,1.4100000000000001,1.01,0.07033264640000003,0.09330864640000003,0.09330864640000003,DETERMINISTIC_ANALYTIC_ILLUSTRATION_NOT_EMPIRICAL_SAMPLE
0.05787999999999999,0.2,0.1,1.1,0.9,1.4100000000000001,1.01,0.06931390560000003,0.09246590560000002,0.09246590560000002,DETERMINISTIC_ANALYTIC_ILLUSTRATION_NOT_EMPIRICAL_SAMPLE
0.05832,0.2,0.1,1.1,0.9,1.4100000000000001,1.01,0.06829477760000002,0.09162277760000001,0.09162277760000001,DETERMINISTIC_ANALYTIC_ILLUSTRATION_NOT_EMPIRICAL_SAMPLE
0.05876000000000001,0.2,0.1,1.1,0.9,1.4100000000000001,1.01,0.06727526239999998,0.09077926239999999,0.09077926239999999,DETERMINISTIC_ANALYTIC_ILLUSTRATION_NOT_EMPIRICAL_SAMPLE
0.0592,0.2,0.1,1.1,0.9,1.4100000000000001,1.01,0.06625535999999999,0.08993536,0.08993536,DETERMINISTIC_ANALYTIC_ILLUSTRATION_NOT_EMPIRICAL_SAMPLE
0.05964,0.2,0.1,1.1,0.9,1.4100000000000001,1.01,0.06523507039999998,0.08909107040000001,0.08909107040000001,DETERMINISTIC_ANALYTIC_ILLUSTRATION_NOT_EMPIRICAL_SAMPLE
0.060079999999999995,0.2,0.1,1.1,0.9,1.4100000000000001,1.01,0.06421439360000003,0.08824639360000003,0.08824639360000003,DETERMINISTIC_ANALYTIC_ILLUSTRATION_NOT_EMPIRICAL_SAMPLE
0.06051999999999999,0.2,0.1,1.1,0.9,1.4100000000000001,1.01,0.06319332960000001,0.08740132960000002,0.08740132960000002,DETERMINISTIC_ANALYTIC_ILLUSTRATION_NOT_EMPIRICAL_SAMPLE
0.060959999999999986,0.2,0.1,1.1,0.9,1.4100000000000001,1.01,0.06217187840000002,0.08655587840000004,0.08655587840000004,DETERMINISTIC_ANALYTIC_ILLUSTRATION_NOT_EMPIRICAL_SAMPLE
0.061399999999999996,0.2,0.1,1.1,0.9,1.4100000000000001,1.01,0.06115004000000002,0.08571004000000002,0.08571004000000002,DETERMINISTIC_ANALYTIC_ILLUSTRATION_NOT_EMPIRICAL_SAMPLE
0.061840000000000006,0.2,0.1,1.1,0.9,1.4100000000000001,1.01,0.06012781439999998,0.0848638144,0.0848638144,DETERMINISTIC_ANALYTIC_ILLUSTRATION_NOT_EMPIRICAL_SAMPLE
0.06228,0.2,0.1,1.1,0.9,1.4100000000000001,1.01,0.05910520159999999,0.08401720160000001,0.08401720160000001,DETERMINISTIC_ANALYTIC_ILLUSTRATION_NOT_EMPIRICAL_SAMPLE
0.06272,0.2,0.1,1.1,0.9,1.4100000000000001,1.01,0.05808220160000002,0.08317020160000002,0.08317020160000002,DETERMINISTIC_ANALYTIC_ILLUSTRATION_NOT_EMPIRICAL_SAMPLE
0.06316,0.2,0.1,1.1,0.9,1.4100000000000001,1.01,0.05705881440000002,0.08232281440000001,0.08232281440000001,DETERMINISTIC_ANALYTIC_ILLUSTRATION_NOT_EMPIRICAL_SAMPLE
0.06359999999999999,0.2,0.1,1.1,0.9,1.4100000000000001,1.01,0.056035040000000036,0.08147504000000003,0.08147504000000003,DETERMINISTIC_ANALYTIC_ILLUSTRATION_NOT_EMPIRICAL_SAMPLE
0.06404,0.2,0.1,1.1,0.9,1.4100000000000001,1.01,0.05501087839999999,0.08062687840000002,0.08062687840000002,DETERMINISTIC_ANALYTIC_ILLUSTRATION_NOT_EMPIRICAL_SAMPLE
0.06448,0.2,0.1,1.1,0.9,1.4100000000000001,1.01,0.053986329599999994,0.07977832960000002,0.07977832960000002,DETERMINISTIC_ANALYTIC_ILLUSTRATION_NOT_EMPIRICAL_SAMPLE
0.06491999999999999,0.2,0.1,1.1,0.9,1.4100000000000001,1.01,0.05296139360000002,0.07892939360000002,0.07892939360000002,DETERMINISTIC_ANALYTIC_ILLUSTRATION_NOT_EMPIRICAL_SAMPLE
0.06536,0.2,0.1,1.1,0.9,1.4100000000000001,1.01,0.051936070400000006,0.0780800704,0.0780800704,DETERMINISTIC_ANALYTIC_ILLUSTRATION_NOT_EMPIRICAL_SAMPLE
0.0658,0.2,0.1,1.1,0.9,1.4100000000000001,1.01,0.050910360000000016,0.07723036000000001,0.07723036000000001,DETERMINISTIC_ANALYTIC_ILLUSTRATION_NOT_EMPIRICAL_SAMPLE
0.06624,0.2,0.1,1.1,0.9,1.4100000000000001,1.01,0.04988426240000002,0.07638026240000002,0.07638026240000002,DETERMINISTIC_ANALYTIC_ILLUSTRATION_NOT_EMPIRICAL_SAMPLE
0.06668,0.2,0.1,1.1,0.9,1.4100000000000001,1.01,0.048857777599999985,0.0755297776,0.0755297776,DETERMINISTIC_ANALYTIC_ILLUSTRATION_NOT_EMPIRICAL_SAMPLE
0.06712,0.2,0.1,1.1,0.9,1.4100000000000001,1.01,0.0478309056,0.07467890560000001,0.07467890560000001,DETERMINISTIC_ANALYTIC_ILLUSTRATION_NOT_EMPIRICAL_SAMPLE
0.06756,0.2,0.1,1.1,0.9,1.4100000000000001,1.01,0.04680364640000001,0.07382764640000003,0.07382764640000003,DETERMINISTIC_ANALYTIC_ILLUSTRATION_NOT_EMPIRICAL_SAMPLE
0.06799999999999999,0.2,0.1,1.1,0.9,1.4100000000000001,1.01,0.04577600000000004,0.07297600000000004,0.07297600000000004,DETERMINISTIC_ANALYTIC_ILLUSTRATION_NOT_EMPIRICAL_SAMPLE
0.06843999999999999,0.2,0.1,1.1,0.9,1.4100000000000001,1.01,0.04474796640000003,0.07212396640000002,0.07212396640000002,DETERMINISTIC_ANALYTIC_ILLUSTRATION_NOT_EMPIRICAL_SAMPLE
0.06888,0.2,0.1,1.1,0.9,1.4100000000000001,1.01,0.04371954560000002,0.07127154560000001,0.07127154560000001,DETERMINISTIC_ANALYTIC_ILLUSTRATION_NOT_EMPIRICAL_SAMPLE
0.06932,0.2,0.1,1.1,0.9,1.4100000000000001,1.01,0.04269073759999997,0.0704187376,0.0704187376,DETERMINISTIC_ANALYTIC_ILLUSTRATION_NOT_EMPIRICAL_SAMPLE
0.06976,0.2,0.1,1.1,0.9,1.4100000000000001,1.01,0.04166154239999997,0.06956554239999999,0.06956554239999999,DETERMINISTIC_ANALYTIC_ILLUSTRATION_NOT_EMPIRICAL_SAMPLE
0.0702,0.2,0.1,1.1,0.9,1.4100000000000001,1.01,0.040631959999999995,0.06871196000000002,0.06871196000000002,DETERMINISTIC_ANALYTIC_ILLUSTRATION_NOT_EMPIRICAL_SAMPLE
0.07064,0.2,0.1,1.1,0.9,1.4100000000000001,1.01,0.03960199040000001,0.06785799040000001,0.06785799040000001,DETERMINISTIC_ANALYTIC_ILLUSTRATION_NOT_EMPIRICAL_SAMPLE
0.07107999999999999,0.2,0.1,1.1,0.9,1.4100000000000001,1.01,0.038571633600000016,0.06700363360000003,0.06700363360000003,DETERMINISTIC_ANALYTIC_ILLUSTRATION_NOT_EMPIRICAL_SAMPLE
0.07151999999999999,0.2,0.1,1.1,0.9,1.4100000000000001,1.01,0.037540889600000016,0.06614888960000001,0.06614888960000001,DETERMINISTIC_ANALYTIC_ILLUSTRATION_NOT_EMPIRICAL_SAMPLE
0.07196,0.2,0.1,1.1,0.9,1.4100000000000001,1.01,0.03650975840000001,0.06529375840000001,0.06529375840000001,DETERMINISTIC_ANALYTIC_ILLUSTRATION_NOT_EMPIRICAL_SAMPLE
0.0724,0.2,0.1,1.1,0.9,1.4100000000000001,1.01,0.035478239999999966,0.06443823999999998,0.06443823999999998,DETERMINISTIC_ANALYTIC_ILLUSTRATION_NOT_EMPIRICAL_SAMPLE
0.07284,0.2,0.1,1.1,0.9,1.4100000000000001,1.01,0.03444633439999997,0.0635823344,0.0635823344,DETERMINISTIC_ANALYTIC_ILLUSTRATION_NOT_EMPIRICAL_SAMPLE
0.07328,0.2,0.1,1.1,0.9,1.4100000000000001,1.01,0.0334140416,0.0627260416,0.0627260416,DETERMINISTIC_ANALYTIC_ILLUSTRATION_NOT_EMPIRICAL_SAMPLE
0.07372,0.2,0.1,1.1,0.9,1.4100000000000001,1.01,0.03238136160000002,0.061869361600000033,0.061869361600000033,DETERMINISTIC_ANALYTIC_ILLUSTRATION_NOT_EMPIRICAL_SAMPLE
0.07415999999999999,0.2,0.1,1.1,0.9,1.4100000000000001,1.01,0.03134829440000003,0.06101229440000003,0.06101229440000003,DETERMINISTIC_ANALYTIC_ILLUSTRATION_NOT_EMPIRICAL_SAMPLE
0.07459999999999999,0.2,0.1,1.1,0.9,1.4100000000000001,1.01,0.030314840000000037,0.06015484000000004,0.06015484000000004,DETERMINISTIC_ANALYTIC_ILLUSTRATION_NOT_EMPIRICAL_SAMPLE
0.07504,0.2,0.1,1.1,0.9,1.4100000000000001,1.01,0.029280998400000008,0.05929699840000002,0.05929699840000002,DETERMINISTIC_ANALYTIC_ILLUSTRATION_NOT_EMPIRICAL_SAMPLE
0.07548,0.2,0.1,1.1,0.9,1.4100000000000001,1.01,0.02824676959999997,0.058438769599999996,0.058438769599999996,DETERMINISTIC_ANALYTIC_ILLUSTRATION_NOT_EMPIRICAL_SAMPLE
0.07592,0.2,0.1,1.1,0.9,1.4100000000000001,1.01,0.02721215360000001,0.05758015360000002,0.05758015360000002,DETERMINISTIC_ANALYTIC_ILLUSTRATION_NOT_EMPIRICAL_SAMPLE
0.07636,0.2,0.1,1.1,0.9,1.4100000000000001,1.01,0.026177150400000015,0.05672115040000003,0.05672115040000003,DETERMINISTIC_ANALYTIC_ILLUSTRATION_NOT_EMPIRICAL_SAMPLE
0.0768,0.2,0.1,1.1,0.9,1.4100000000000001,1.01,0.025141760000000013,0.05586176000000001,0.05586176000000001,DETERMINISTIC_ANALYTIC_ILLUSTRATION_NOT_EMPIRICAL_SAMPLE
0.07723999999999999,0.2,0.1,1.1,0.9,1.4100000000000001,1.01,0.024105982400000003,0.05500198240000004,0.05500198240000004,DETERMINISTIC_ANALYTIC_ILLUSTRATION_NOT_EMPIRICAL_SAMPLE
0.07768,0.2,0.1,1.1,0.9,1.4100000000000001,1.01,0.023069817599999987,0.0541418176,0.0541418176,DETERMINISTIC_ANALYTIC_ILLUSTRATION_NOT_EMPIRICAL_SAMPLE
0.07812,0.2,0.1,1.1,0.9,1.4100000000000001,1.01,0.022033265600000018,0.053281265600000016,0.053281265600000016,DETERMINISTIC_ANALYTIC_ILLUSTRATION_NOT_EMPIRICAL_SAMPLE
0.07856,0.2,0.1,1.1,0.9,1.4100000000000001,1.01,0.020996326399999987,0.052420326399999995,0.052420326399999995,DETERMINISTIC_ANALYTIC_ILLUSTRATION_NOT_EMPIRICAL_SAMPLE
0.079,0.2,0.1,1.1,0.9,1.4100000000000001,1.01,0.019959000000000005,0.05155900000000002,0.05155900000000002,DETERMINISTIC_ANALYTIC_ILLUSTRATION_NOT_EMPIRICAL_SAMPLE
0.07944,0.2,0.1,1.1,0.9,1.4100000000000001,1.01,0.018921286400000015,0.05069728640000001,0.05069728640000001,DETERMINISTIC_ANALYTIC_ILLUSTRATION_NOT_EMPIRICAL_SAMPLE
0.07987999999999999,0.2,0.1,1.1,0.9,1.4100000000000001,1.01,0.017883185600000018,0.049835185600000026,0.049835185600000026,DETERMINISTIC_ANALYTIC_ILLUSTRATION_NOT_EMPIRICAL_SAMPLE
0.08032,0.2,0.1,1.1,0.9,1.4100000000000001,1.01,0.016844697599999986,0.048972697600000004,0.048972697600000004,DETERMINISTIC_ANALYTIC_ILLUSTRATION_NOT_EMPIRICAL_SAMPLE
0.08076,0.2,0.1,1.1,0.9,1.4100000000000001,1.01,0.015805822399999975,0.0481098224,0.0481098224,DETERMINISTIC_ANALYTIC_ILLUSTRATION_NOT_EMPIRICAL_SAMPLE
0.0812,0.2,0.1,1.1,0.9,1.4100000000000001,1.01,0.014766560000000012,0.04724656000000002,0.04724656000000002,DETERMINISTIC_ANALYTIC_ILLUSTRATION_NOT_EMPIRICAL_SAMPLE
0.08163999999999999,0.2,0.1,1.1,0.9,1.4100000000000001,1.01,0.013726910400000014,0.046382910400000005,0.046382910400000005,DETERMINISTIC_ANALYTIC_ILLUSTRATION_NOT_EMPIRICAL_SAMPLE
0.08208,0.2,0.1,1.1,0.9,1.4100000000000001,1.01,0.01268687360000001,0.04551887360000001,0.04551887360000001,DETERMINISTIC_ANALYTIC_ILLUSTRATION_NOT_EMPIRICAL_SAMPLE
0.08252,0.2,0.1,1.1,0.9,1.4100000000000001,1.01,0.011646449599999997,0.04465444960000001,0.04465444960000001,DETERMINISTIC_ANALYTIC_ILLUSTRATION_NOT_EMPIRICAL_SAMPLE
0.08295999999999999,0.2,0.1,1.1,0.9,1.4100000000000001,1.01,0.010605638400000006,0.043789638400000025,0.043789638400000025,DETERMINISTIC_ANALYTIC_ILLUSTRATION_NOT_EMPIRICAL_SAMPLE
0.0834,0.2,0.1,1.1,0.9,1.4100000000000001,1.01,0.00956443999999998,0.04292444000000001,0.04292444000000001,DETERMINISTIC_ANALYTIC_ILLUSTRATION_NOT_EMPIRICAL_SAMPLE
0.08384,0.2,0.1,1.1,0.9,1.4100000000000001,1.01,0.008522854400000002,0.04205885440000001,0.04205885440000001,DETERMINISTIC_ANALYTIC_ILLUSTRATION_NOT_EMPIRICAL_SAMPLE
0.08428,0.2,0.1,1.1,0.9,1.4100000000000001,1.01,0.007480881600000017,0.04119288160000001,0.04119288160000001,DETERMINISTIC_ANALYTIC_ILLUSTRATION_NOT_EMPIRICAL_SAMPLE
0.08471999999999999,0.2,0.1,1.1,0.9,1.4100000000000001,1.01,0.0064385216000000245,0.040326521600000026,0.040326521600000026,DETERMINISTIC_ANALYTIC_ILLUSTRATION_NOT_EMPIRICAL_SAMPLE
0.08516,0.2,0.1,1.1,0.9,1.4100000000000001,1.01,0.005395774399999997,0.03945977440000001,0.03945977440000001,DETERMINISTIC_ANALYTIC_ILLUSTRATION_NOT_EMPIRICAL_SAMPLE
0.0856,0.2,0.1,1.1,0.9,1.4100000000000001,1.01,0.004352639999999991,0.03859264000000001,0.03859264000000001,DETERMINISTIC_ANALYTIC_ILLUSTRATION_NOT_EMPIRICAL_SAMPLE
0.08604,0.2,0.1,1.1,0.9,1.4100000000000001,1.01,0.0033091183999999774,0.03772511840000001,0.03772511840000001,DETERMINISTIC_ANALYTIC_ILLUSTRATION_NOT_EMPIRICAL_SAMPLE
0.08648,0.2,0.1,1.1,0.9,1.4100000000000001,1.01,0.002265209600000012,0.036857209600000024,0.036857209600000024,DETERMINISTIC_ANALYTIC_ILLUSTRATION_NOT_EMPIRICAL_SAMPLE
0.08692,0.2,0.1,1.1,0.9,1.4100000000000001,1.01,0.001220913600000012,0.035988913600000005,0.035988913600000005,DETERMINISTIC_ANALYTIC_ILLUSTRATION_NOT_EMPIRICAL_SAMPLE
0.08736,0.2,0.1,1.1,0.9,1.4100000000000001,1.01,0.00017623040000000478,0.03512023040000001,0.03512023040000001,DETERMINISTIC_ANALYTIC_ILLUSTRATION_NOT_EMPIRICAL_SAMPLE
0.08779999999999999,0.2,0.1,1.1,0.9,1.4100000000000001,1.01,0.0008688399999999818,0.03425116000000003,0.03425116000000003,DETERMINISTIC_ANALYTIC_ILLUSTRATION_NOT_EMPIRICAL_SAMPLE
0.08823999999999999,0.2,0.1,1.1,0.9,1.4100000000000001,1.01,0.0019142975999999756,0.033381702400000046,0.033381702400000046,DETERMINISTIC_ANALYTIC_ILLUSTRATION_NOT_EMPIRICAL_SAMPLE
0.08868000000000001,0.2,0.1,1.1,0.9,1.4100000000000001,1.01,0.002960142400000032,0.0325118576,0.0325118576,DETERMINISTIC_ANALYTIC_ILLUSTRATION_NOT_EMPIRICAL_SAMPLE
0.08912,0.2,0.1,1.1,0.9,1.4100000000000001,1.01,0.004006374400000012,0.0316416256,0.0316416256,DETERMINISTIC_ANALYTIC_ILLUSTRATION_NOT_EMPIRICAL_SAMPLE
0.08956,0.2,0.1,1.1,0.9,1.4100000000000001,1.01,0.0050529936,0.030771006399999995,0.030771006399999995,DETERMINISTIC_ANALYTIC_ILLUSTRATION_NOT_EMPIRICAL_SAMPLE
0.09,0.2,0.1,1.1,0.9,1.4100000000000001,1.01,0.006099999999999994,0.02990000000000001,0.02990000000000001,DETERMINISTIC_ANALYTIC_ILLUSTRATION_NOT_EMPIRICAL_SAMPLE
0.09043999999999999,0.2,0.1,1.1,0.9,1.4100000000000001,1.01,0.007147393599999996,0.029028606400000018,0.029028606400000018,DETERMINISTIC_ANALYTIC_ILLUSTRATION_NOT_EMPIRICAL_SAMPLE
0.09087999999999999,0.2,0.1,1.1,0.9,1.4100000000000001,1.01,0.008195174399999977,0.028156825600000046,0.028156825600000046,DETERMINISTIC_ANALYTIC_ILLUSTRATION_NOT_EMPIRICAL_SAMPLE
0.09132,0.2,0.1,1.1,0.9,1.4100000000000001,1.01,0.009243342399999993,0.027284657600000012,0.027284657600000012,DETERMINISTIC_ANALYTIC_ILLUSTRATION_NOT_EMPIRICAL_SAMPLE
0.09176,0.2,0.1,1.1,0.9,1.4100000000000001,1.01,0.010291897599999988,0.026412102400000026,0.026412102400000026,DETERMINISTIC_ANALYTIC_ILLUSTRATION_NOT_EMPIRICAL_SAMPLE
0.0922,0.2,0.1,1.1,0.9,1.4100000000000001,1.01,0.011340840000000019,0.025539159999999977,0.025539159999999977,DETERMINISTIC_ANALYTIC_ILLUSTRATION_NOT_EMPIRICAL_SAMPLE
0.09264,0.2,0.1,1.1,0.9,1.4100000000000001,1.01,0.0123901696,0.024665830400000005,0.024665830400000005,DETERMINISTIC_ANALYTIC_ILLUSTRATION_NOT_EMPIRICAL_SAMPLE
0.09308,0.2,0.1,1.1,0.9,1.4100000000000001,1.01,0.01343988639999999,0.023792113600000026,0.023792113600000026,DETERMINISTIC_ANALYTIC_ILLUSTRATION_NOT_EMPIRICAL_SAMPLE
0.09351999999999999,0.2,0.1,1.1,0.9,1.4100000000000001,1.01,0.014489990399999986,0.02291800960000004,0.02291800960000004,DETERMINISTIC_ANALYTIC_ILLUSTRATION_NOT_EMPIRICAL_SAMPLE
0.09395999999999999,0.2,0.1,1.1,0.9,1.4100000000000001,1.01,0.015540481599999961,0.022043518400000045,0.022043518400000045,DETERMINISTIC_ANALYTIC_ILLUSTRATION_NOT_EMPIRICAL_SAMPLE
0.0944,0.2,0.1,1.1,0.9,1.4100000000000001,1.01,0.01659136,0.021168640000000016,0.021168640000000016,DETERMINISTIC_ANALYTIC_ILLUSTRATION_NOT_EMPIRICAL_SAMPLE
0.09484,0.2,0.1,1.1,0.9,1.4100000000000001,1.01,0.01764262559999999,0.020293374400000008,0.020293374400000008,DETERMINISTIC_ANALYTIC_ILLUSTRATION_NOT_EMPIRICAL_SAMPLE
0.09528,0.2,0.1,1.1,0.9,1.4100000000000001,1.01,0.018694278400000014,0.019417721599999993,0.019417721599999993,DETERMINISTIC_ANALYTIC_ILLUSTRATION_NOT_EMPIRICAL_SAMPLE
0.09572,0.2,0.1,1.1,0.9,1.4100000000000001,1.01,0.019746318400000018,0.0185416816,0.019746318400000018,DETERMINISTIC_ANALYTIC_ILLUSTRATION_NOT_EMPIRICAL_SAMPLE
0.09616,0.2,0.1,1.1,0.9,1.4100000000000001,1.01,0.0207987456,0.017665254400000024,0.0207987456,DETERMINISTIC_ANALYTIC_ILLUSTRATION_NOT_EMPIRICAL_SAMPLE
0.09659999999999999,0.2,0.1,1.1,0.9,1.4100000000000001,1.01,0.021851559999999964,0.016788440000000043,0.021851559999999964,DETERMINISTIC_ANALYTIC_ILLUSTRATION_NOT_EMPIRICAL_SAMPLE
0.09704,0.2,0.1,1.1,0.9,1.4100000000000001,1.01,0.02290476159999999,0.015911238400000027,0.02290476159999999,DETERMINISTIC_ANALYTIC_ILLUSTRATION_NOT_EMPIRICAL_SAMPLE
0.09748,0.2,0.1,1.1,0.9,1.4100000000000001,1.01,0.023958350399999995,0.015033649600000004,0.023958350399999995,DETERMINISTIC_ANALYTIC_ILLUSTRATION_NOT_EMPIRICAL_SAMPLE
0.09792,0.2,0.1,1.1,0.9,1.4100000000000001,1.01,0.02501232639999998,0.01415567360000003,0.02501232639999998,DETERMINISTIC_ANALYTIC_ILLUSTRATION_NOT_EMPIRICAL_SAMPLE
0.09835999999999999,0.2,0.1,1.1,0.9,1.4100000000000001,1.01,0.026066689599999998,0.01327731040000002,0.026066689599999998,DETERMINISTIC_ANALYTIC_ILLUSTRATION_NOT_EMPIRICAL_SAMPLE
0.0988,0.2,0.1,1.1,0.9,1.4100000000000001,1.01,0.027121440000000024,0.012398560000000003,0.027121440000000024,DETERMINISTIC_ANALYTIC_ILLUSTRATION_NOT_EMPIRICAL_SAMPLE
0.09924,0.2,0.1,1.1,0.9,1.4100000000000001,1.01,0.028176577599999975,0.011519422400000034,0.028176577599999975,DETERMINISTIC_ANALYTIC_ILLUSTRATION_NOT_EMPIRICAL_SAMPLE
0.09968,0.2,0.1,1.1,0.9,1.4100000000000001,1.01,0.029232102400000015,0.010639897600000003,0.029232102400000015,DETERMINISTIC_ANALYTIC_ILLUSTRATION_NOT_EMPIRICAL_SAMPLE
0.10012,0.2,0.1,1.1,0.9,1.4100000000000001,1.01,0.030288014400000007,0.009759985599999993,0.030288014400000007,DETERMINISTIC_ANALYTIC_ILLUSTRATION_NOT_EMPIRICAL_SAMPLE
0.10056,0.2,0.1,1.1,0.9,1.4100000000000001,1.01,0.03134431360000001,0.008879686400000003,0.03134431360000001,DETERMINISTIC_ANALYTIC_ILLUSTRATION_NOT_EMPIRICAL_SAMPLE
0.10099999999999999,0.2,0.1,1.1,0.9,1.4100000000000001,1.01,0.032400999999999985,0.007999000000000034,0.032400999999999985,DETERMINISTIC_ANALYTIC_ILLUSTRATION_NOT_EMPIRICAL_SAMPLE
0.10143999999999999,0.2,0.1,1.1,0.9,1.4100000000000001,1.01,0.0334580736,0.00711792640000003,0.0334580736,DETERMINISTIC_ANALYTIC_ILLUSTRATION_NOT_EMPIRICAL_SAMPLE
0.10188,0.2,0.1,1.1,0.9,1.4100000000000001,1.01,0.03451553439999999,0.0062364656000000185,0.03451553439999999,DETERMINISTIC_ANALYTIC_ILLUSTRATION_NOT_EMPIRICAL_SAMPLE
0.10232000000000001,0.2,0.1,1.1,0.9,1.4100000000000001,1.01,0.03557338240000002,0.0053546176,0.03557338240000002,DETERMINISTIC_ANALYTIC_ILLUSTRATION_NOT_EMPIRICAL_SAMPLE
0.10276,0.2,0.1,1.1,0.9,1.4100000000000001,1.01,0.0366316176,0.0044723823999999746,0.0366316176,DETERMINISTIC_ANALYTIC_ILLUSTRATION_NOT_EMPIRICAL_SAMPLE
0.1032,0.2,0.1,1.1,0.9,1.4100000000000001,1.01,0.037690240000000014,0.0035897599999999974,0.037690240000000014,DETERMINISTIC_ANALYTIC_ILLUSTRATION_NOT_EMPIRICAL_SAMPLE
0.10364,0.2,0.1,1.1,0.9,1.4100000000000001,1.01,0.03874924960000001,0.002706750400000013,0.03874924960000001,DETERMINISTIC_ANALYTIC_ILLUSTRATION_NOT_EMPIRICAL_SAMPLE
0.10407999999999999,0.2,0.1,1.1,0.9,1.4100000000000001,1.01,0.03980864640000001,0.0018233536000000217,0.03980864640000001,DETERMINISTIC_ANALYTIC_ILLUSTRATION_NOT_EMPIRICAL_SAMPLE
0.10451999999999999,0.2,0.1,1.1,0.9,1.4100000000000001,1.01,0.04086843039999996,0.0009395696000000509,0.04086843039999996,DETERMINISTIC_ANALYTIC_ILLUSTRATION_NOT_EMPIRICAL_SAMPLE
0.10495999999999998,0.2,0.1,1.1,0.9,1.4100000000000001,1.01,0.041928601599999976,5.539840000001739e-05,0.041928601599999976,DETERMINISTIC_ANALYTIC_ILLUSTRATION_NOT_EMPIRICAL_SAMPLE
0.10540000000000001,0.2,0.1,1.1,0.9,1.4100000000000001,1.01,0.042989160000000026,0.0008291600000000232,0.042989160000000026,DETERMINISTIC_ANALYTIC_ILLUSTRATION_NOT_EMPIRICAL_SAMPLE
0.10584,0.2,0.1,1.1,0.9,1.4100000000000001,1.01,0.04405010560000003,0.0017141056000000154,0.04405010560000003,DETERMINISTIC_ANALYTIC_ILLUSTRATION_NOT_EMPIRICAL_SAMPLE
0.10628,0.2,0.1,1.1,0.9,1.4100000000000001,1.01,0.04511143840000001,0.002599438399999987,0.04511143840000001,DETERMINISTIC_ANALYTIC_ILLUSTRATION_NOT_EMPIRICAL_SAMPLE
0.10672,0.2,0.1,1.1,0.9,1.4100000000000001,1.01,0.0461731584,0.003485158399999966,0.0461731584,DETERMINISTIC_ANALYTIC_ILLUSTRATION_NOT_EMPIRICAL_SAMPLE
0.10715999999999999,0.2,0.1,1.1,0.9,1.4100000000000001,1.01,0.047235265599999965,0.004371265599999952,0.047235265599999965,DETERMINISTIC_ANALYTIC_ILLUSTRATION_NOT_EMPIRICAL_SAMPLE
0.10759999999999999,0.2,0.1,1.1,0.9,1.4100000000000001,1.01,0.04829775999999997,0.0052577599999999725,0.04829775999999997,DETERMINISTIC_ANALYTIC_ILLUSTRATION_NOT_EMPIRICAL_SAMPLE
0.10803999999999998,0.2,0.1,1.1,0.9,1.4100000000000001,1.01,0.04936064159999998,0.006144641599999973,0.04936064159999998,DETERMINISTIC_ANALYTIC_ILLUSTRATION_NOT_EMPIRICAL_SAMPLE
0.10847999999999998,0.2,0.1,1.1,0.9,1.4100000000000001,1.01,0.05042391039999994,0.007031910399999952,0.05042391039999994,DETERMINISTIC_ANALYTIC_ILLUSTRATION_NOT_EMPIRICAL_SAMPLE
0.10891999999999998,0.2,0.1,1.1,0.9,1.4100000000000001,1.01,0.05148756639999996,0.007919566399999939,0.05148756639999996,DETERMINISTIC_ANALYTIC_ILLUSTRATION_NOT_EMPIRICAL_SAMPLE
0.10936,0.2,0.1,1.1,0.9,1.4100000000000001,1.01,0.05255160959999999,0.008807609599999988,0.05255160959999999,DETERMINISTIC_ANALYTIC_ILLUSTRATION_NOT_EMPIRICAL_SAMPLE
0.1098,0.2,0.1,1.1,0.9,1.4100000000000001,1.01,0.053616039999999976,0.009696039999999961,0.053616039999999976,DETERMINISTIC_ANALYTIC_ILLUSTRATION_NOT_EMPIRICAL_SAMPLE
0.11024000000000002,0.2,0.1,1.1,0.9,1.4100000000000001,1.01,0.05468085760000002,0.010584857600000025,0.05468085760000002,DETERMINISTIC_ANALYTIC_ILLUSTRATION_NOT_EMPIRICAL_SAMPLE
0.11068000000000001,0.2,0.1,1.1,0.9,1.4100000000000001,1.01,0.05574606240000002,0.01147406240000004,0.05574606240000002,DETERMINISTIC_ANALYTIC_ILLUSTRATION_NOT_EMPIRICAL_SAMPLE
0.11112000000000001,0.2,0.1,1.1,0.9,1.4100000000000001,1.01,0.05681165440000002,0.012363654400000007,0.05681165440000002,DETERMINISTIC_ANALYTIC_ILLUSTRATION_NOT_EMPIRICAL_SAMPLE
0.11156,0.2,0.1,1.1,0.9,1.4100000000000001,1.01,0.057877633600000034,0.013253633600000009,0.057877633600000034,DETERMINISTIC_ANALYTIC_ILLUSTRATION_NOT_EMPIRICAL_SAMPLE
0.112,0.2,0.1,1.1,0.9,1.4100000000000001,1.01,0.05894400000000005,0.01414399999999999,0.05894400000000005,DETERMINISTIC_ANALYTIC_ILLUSTRATION_NOT_EMPIRICAL_SAMPLE
0.11244,0.2,0.1,1.1,0.9,1.4100000000000001,1.01,0.060010753599999966,0.015034753599999978,0.060010753599999966,DETERMINISTIC_ANALYTIC_ILLUSTRATION_NOT_EMPIRICAL_SAMPLE
0.11288,0.2,0.1,1.1,0.9,1.4100000000000001,1.01,0.0610778944,0.0159258944,0.0610778944,DETERMINISTIC_ANALYTIC_ILLUSTRATION_NOT_EMPIRICAL_SAMPLE
0.11331999999999999,0.2,0.1,1.1,0.9,1.4100000000000001,1.01,0.06214542239999998,0.016817422399999976,0.06214542239999998,DETERMINISTIC_ANALYTIC_ILLUSTRATION_NOT_EMPIRICAL_SAMPLE
0.11375999999999999,0.2,0.1,1.1,0.9,1.4100000000000001,1.01,0.06321333759999997,0.017709337599999958,0.06321333759999997,DETERMINISTIC_ANALYTIC_ILLUSTRATION_NOT_EMPIRICAL_SAMPLE
0.11419999999999998,0.2,0.1,1.1,0.9,1.4100000000000001,1.01,0.06428163999999997,0.018601639999999947,0.06428163999999997,DETERMINISTIC_ANALYTIC_ILLUSTRATION_NOT_EMPIRICAL_SAMPLE
0.11464,0.2,0.1,1.1,0.9,1.4100000000000001,1.01,0.06535032960000003,0.0194943296,0.06535032960000003,DETERMINISTIC_ANALYTIC_ILLUSTRATION_NOT_EMPIRICAL_SAMPLE
0.11508,0.2,0.1,1.1,0.9,1.4100000000000001,1.01,0.06641940639999999,0.020387406399999974,0.06641940639999999,DETERMINISTIC_ANALYTIC_ILLUSTRATION_NOT_EMPIRICAL_SAMPLE
0.11552,0.2,0.1,1.1,0.9,1.4100000000000001,1.01,0.06748887040000001,0.021280870399999985,0.06748887040000001,DETERMINISTIC_ANALYTIC_ILLUSTRATION_NOT_EMPIRICAL_SAMPLE
0.11596,0.2,0.1,1.1,0.9,1.4100000000000001,1.01,0.06855872159999998,0.022174721599999975,0.06855872159999998,DETERMINISTIC_ANALYTIC_ILLUSTRATION_NOT_EMPIRICAL_SAMPLE
0.11639999999999999,0.2,0.1,1.1,0.9,1.4100000000000001,1.01,0.06962895999999996,0.02306895999999997,0.06962895999999996,DETERMINISTIC_ANALYTIC_ILLUSTRATION_NOT_EMPIRICAL_SAMPLE
0.11684000000000001,0.2,0.1,1.1,0.9,1.4100000000000001,1.01,0.07069958560000006,0.02396358560000003,0.07069958560000006,DETERMINISTIC_ANALYTIC_ILLUSTRATION_NOT_EMPIRICAL_SAMPLE
0.11728000000000001,0.2,0.1,1.1,0.9,1.4100000000000001,1.01,0.0717705984,0.024858598400000015,0.0717705984,DETERMINISTIC_ANALYTIC_ILLUSTRATION_NOT_EMPIRICAL_SAMPLE
0.11772,0.2,0.1,1.1,0.9,1.4100000000000001,1.01,0.07284199840000005,0.025753998399999978,0.07284199840000005,DETERMINISTIC_ANALYTIC_ILLUSTRATION_NOT_EMPIRICAL_SAMPLE
0.11816,0.2,0.1,1.1,0.9,1.4100000000000001,1.01,0.0739137856,0.026649785600000003,0.0739137856,DETERMINISTIC_ANALYTIC_ILLUSTRATION_NOT_EMPIRICAL_SAMPLE
0.1186,0.2,0.1,1.1,0.9,1.4100000000000001,1.01,0.07498596000000002,0.02754595999999998,0.07498596000000002,DETERMINISTIC_ANALYTIC_ILLUSTRATION_NOT_EMPIRICAL_SAMPLE
0.11903999999999999,0.2,0.1,1.1,0.9,1.4100000000000001,1.01,0.07605852159999998,0.028442521599999965,0.07605852159999998,DETERMINISTIC_ANALYTIC_ILLUSTRATION_NOT_EMPIRICAL_SAMPLE
0.11947999999999999,0.2,0.1,1.1,0.9,1.4100000000000001,1.01,0.07713147039999996,0.029339470399999956,0.07713147039999996,DETERMINISTIC_ANALYTIC_ILLUSTRATION_NOT_EMPIRICAL_SAMPLE
0.11991999999999998,0.2,0.1,1.1,0.9,1.4100000000000001,1.01,0.0782048064,0.030236806399999955,0.0782048064,DETERMINISTIC_ANALYTIC_ILLUSTRATION_NOT_EMPIRICAL_SAMPLE
0.12036000000000001,0.2,0.1,1.1,0.9,1.4100000000000001,1.01,0.07927852960000004,0.031134529599999988,0.07927852960000004,DETERMINISTIC_ANALYTIC_ILLUSTRATION_NOT_EMPIRICAL_SAMPLE
0.1208,0.2,0.1,1.1,0.9,1.4100000000000001,1.01,0.08035264000000003,0.03203264,0.08035264000000003,DETERMINISTIC_ANALYTIC_ILLUSTRATION_NOT_EMPIRICAL_SAMPLE
0.12124,0.2,0.1,1.1,0.9,1.4100000000000001,1.01,0.08142713760000003,0.03293113759999999,0.08142713760000003,DETERMINISTIC_ANALYTIC_ILLUSTRATION_NOT_EMPIRICAL_SAMPLE
0.12168,0.2,0.1,1.1,0.9,1.4100000000000001,1.01,0.08250202239999999,0.03383002239999999,0.08250202239999999,DETERMINISTIC_ANALYTIC_ILLUSTRATION_NOT_EMPIRICAL_SAMPLE
0.12211999999999999,0.2,0.1,1.1,0.9,1.4100000000000001,1.01,0.0835772944,0.03472929439999997,0.0835772944,DETERMINISTIC_ANALYTIC_ILLUSTRATION_NOT_EMPIRICAL_SAMPLE
0.12255999999999999,0.2,0.1,1.1,0.9,1.4100000000000001,1.01,0.08465295359999997,0.03562895359999996,0.08465295359999997,DETERMINISTIC_ANALYTIC_ILLUSTRATION_NOT_EMPIRICAL_SAMPLE
0.12299999999999998,0.2,0.1,1.1,0.9,1.4100000000000001,1.01,0.085729,0.03652899999999998,0.085729,DETERMINISTIC_ANALYTIC_ILLUSTRATION_NOT_EMPIRICAL_SAMPLE
0.12343999999999998,0.2,0.1,1.1,0.9,1.4100000000000001,1.01,0.08680543359999998,0.03742943359999995,0.08680543359999998,DETERMINISTIC_ANALYTIC_ILLUSTRATION_NOT_EMPIRICAL_SAMPLE
0.12388,0.2,0.1,1.1,0.9,1.4100000000000001,1.01,0.08788225440000003,0.03833025440000001,0.08788225440000003,DETERMINISTIC_ANALYTIC_ILLUSTRATION_NOT_EMPIRICAL_SAMPLE
0.12432,0.2,0.1,1.1,0.9,1.4100000000000001,1.01,0.08895946240000002,0.0392314624,0.08895946240000002,DETERMINISTIC_ANALYTIC_ILLUSTRATION_NOT_EMPIRICAL_SAMPLE
0.12476,0.2,0.1,1.1,0.9,1.4100000000000001,1.01,0.09003705759999997,0.040133057599999966,0.09003705759999997,DETERMINISTIC_ANALYTIC_ILLUSTRATION_NOT_EMPIRICAL_SAMPLE
0.1252,0.2,0.1,1.1,0.9,1.4100000000000001,1.01,0.09111503999999998,0.041035039999999995,0.09111503999999998,DETERMINISTIC_ANALYTIC_ILLUSTRATION_NOT_EMPIRICAL_SAMPLE
0.12564000000000003,0.2,0.1,1.1,0.9,1.4100000000000001,1.01,0.09219340960000011,0.04193740960000003,0.09219340960000011,DETERMINISTIC_ANALYTIC_ILLUSTRATION_NOT_EMPIRICAL_SAMPLE
0.12608000000000003,0.2,0.1,1.1,0.9,1.4100000000000001,1.01,0.09327216640000008,0.042840166400000046,0.09327216640000008,DETERMINISTIC_ANALYTIC_ILLUSTRATION_NOT_EMPIRICAL_SAMPLE
0.12652000000000002,0.2,0.1,1.1,0.9,1.4100000000000001,1.01,0.09435131040000011,0.04374331040000004,0.09435131040000011,DETERMINISTIC_ANALYTIC_ILLUSTRATION_NOT_EMPIRICAL_SAMPLE
0.12696000000000002,0.2,0.1,1.1,0.9,1.4100000000000001,1.01,0.09543084160000004,0.04464684160000004,0.09543084160000004,DETERMINISTIC_ANALYTIC_ILLUSTRATION_NOT_EMPIRICAL_SAMPLE
0.1274,0.2,0.1,1.1,0.9,1.4100000000000001,1.01,0.09651076000000003,0.04555076000000002,0.09651076000000003,DETERMINISTIC_ANALYTIC_ILLUSTRATION_NOT_EMPIRICAL_SAMPLE
0.12784,0.2,0.1,1.1,0.9,1.4100000000000001,1.01,0.09759106560000003,0.04645506560000001,0.09759106560000003,DETERMINISTIC_ANALYTIC_ILLUSTRATION_NOT_EMPIRICAL_SAMPLE
0.12828,0.2,0.1,1.1,0.9,1.4100000000000001,1.01,0.09867175840000003,0.04735975840000001,0.09867175840000003,DETERMINISTIC_ANALYTIC_ILLUSTRATION_NOT_EMPIRICAL_SAMPLE
0.12872,0.2,0.1,1.1,0.9,1.4100000000000001,1.01,0.09975283840000004,0.04826483840000001,0.09975283840000004,DETERMINISTIC_ANALYTIC_ILLUSTRATION_NOT_EMPIRICAL_SAMPLE
0.12916,0.2,0.1,1.1,0.9,1.4100000000000001,1.01,0.10083430560000001,0.04917030559999999,0.10083430560000001,DETERMINISTIC_ANALYTIC_ILLUSTRATION_NOT_EMPIRICAL_SAMPLE
0.1296,0.2,0.1,1.1,0.9,1.4100000000000001,1.01,0.10191615999999998,0.05007615999999998,0.10191615999999998,DETERMINISTIC_ANALYTIC_ILLUSTRATION_NOT_EMPIRICAL_SAMPLE
0.13004,0.2,0.1,1.1,0.9,1.4100000000000001,1.01,0.10299840160000001,0.05098240159999995,0.10299840160000001,DETERMINISTIC_ANALYTIC_ILLUSTRATION_NOT_EMPIRICAL_SAMPLE
0.13048,0.2,0.1,1.1,0.9,1.4100000000000001,1.01,0.1040810304,0.05188903039999998,0.1040810304,DETERMINISTIC_ANALYTIC_ILLUSTRATION_NOT_EMPIRICAL_SAMPLE
0.13092,0.2,0.1,1.1,0.9,1.4100000000000001,1.01,0.10516404640000004,0.05279604640000002,0.10516404640000004,DETERMINISTIC_ANALYTIC_ILLUSTRATION_NOT_EMPIRICAL_SAMPLE
0.13136000000000003,0.2,0.1,1.1,0.9,1.4100000000000001,1.01,0.1062474496000001,0.053703449600000064,0.1062474496000001,DETERMINISTIC_ANALYTIC_ILLUSTRATION_NOT_EMPIRICAL_SAMPLE
0.13180000000000003,0.2,0.1,1.1,0.9,1.4100000000000001,1.01,0.1073312400000001,0.05461124000000006,0.1073312400000001,DETERMINISTIC_ANALYTIC_ILLUSTRATION_NOT_EMPIRICAL_SAMPLE
0.13224000000000002,0.2,0.1,1.1,0.9,1.4100000000000001,1.01,0.10841541760000006,0.055519417600000065,0.10841541760000006,DETERMINISTIC_ANALYTIC_ILLUSTRATION_NOT_EMPIRICAL_SAMPLE
0.13268000000000002,0.2,0.1,1.1,0.9,1.4100000000000001,1.01,0.10949998240000003,0.05642798240000002,0.10949998240000003,DETERMINISTIC_ANALYTIC_ILLUSTRATION_NOT_EMPIRICAL_SAMPLE
0.13312000000000002,0.2,0.1,1.1,0.9,1.4100000000000001,1.01,0.11058493440000006,0.05733693440000004,0.11058493440000006,DETERMINISTIC_ANALYTIC_ILLUSTRATION_NOT_EMPIRICAL_SAMPLE
0.13356,0.2,0.1,1.1,0.9,1.4100000000000001,1.01,0.11167027360000004,0.05824627360000001,0.11167027360000004,DETERMINISTIC_ANALYTIC_ILLUSTRATION_NOT_EMPIRICAL_SAMPLE
0.134,0.2,0.1,1.1,0.9,1.4100000000000001,1.01,0.11275600000000008,0.05915600000000004,0.11275600000000008,DETERMINISTIC_ANALYTIC_ILLUSTRATION_NOT_EMPIRICAL_SAMPLE
0.13444,0.2,0.1,1.1,0.9,1.4100000000000001,1.01,0.11384211360000002,0.060066113600000026,0.11384211360000002,DETERMINISTIC_ANALYTIC_ILLUSTRATION_NOT_EMPIRICAL_SAMPLE
0.13488,0.2,0.1,1.1,0.9,1.4100000000000001,1.01,0.11492861439999996,0.06097661439999996,0.11492861439999996,DETERMINISTIC_ANALYTIC_ILLUSTRATION_NOT_EMPIRICAL_SAMPLE
0.13532,0.2,0.1,1.1,0.9,1.4100000000000001,1.01,0.11601550240000003,0.06188750239999996,0.11601550240000003,DETERMINISTIC_ANALYTIC_ILLUSTRATION_NOT_EMPIRICAL_SAMPLE
0.13576,0.2,0.1,1.1,0.9,1.4100000000000001,1.01,0.11710277759999999,0.06279877759999997,0.11710277759999999,DETERMINISTIC_ANALYTIC_ILLUSTRATION_NOT_EMPIRICAL_SAMPLE
0.1362,0.2,0.1,1.1,0.9,1.4100000000000001,1.01,0.11819044000000001,0.06371043999999998,0.11819044000000001,DETERMINISTIC_ANALYTIC_ILLUSTRATION_NOT_EMPIRICAL_SAMPLE
0.13664,0.2,0.1,1.1,0.9,1.4100000000000001,1.01,0.11927848960000004,0.0646224896,0.11927848960000004,DETERMINISTIC_ANALYTIC_ILLUSTRATION_NOT_EMPIRICAL_SAMPLE
0.13708000000000004,0.2,0.1,1.1,0.9,1.4100000000000001,1.01,0.12036692640000013,0.06553492640000008,0.12036692640000013,DETERMINISTIC_ANALYTIC_ILLUSTRATION_NOT_EMPIRICAL_SAMPLE
0.13752000000000003,0.2,0.1,1.1,0.9,1.4100000000000001,1.01,0.12145575040000006,0.06644775040000006,0.12145575040000006,DETERMINISTIC_ANALYTIC_ILLUSTRATION_NOT_EMPIRICAL_SAMPLE
0.13796000000000003,0.2,0.1,1.1,0.9,1.4100000000000001,1.01,0.12254496160000006,0.06736096160000005,0.12254496160000006,DETERMINISTIC_ANALYTIC_ILLUSTRATION_NOT_EMPIRICAL_SAMPLE
0.13840000000000002,0.2,0.1,1.1,0.9,1.4100000000000001,1.01,0.12363456000000006,0.06827456000000004,0.12363456000000006,DETERMINISTIC_ANALYTIC_ILLUSTRATION_NOT_EMPIRICAL_SAMPLE
0.13884000000000002,0.2,0.1,1.1,0.9,1.4100000000000001,1.01,0.12472454560000007,0.06918854560000004,0.12472454560000007,DETERMINISTIC_ANALYTIC_ILLUSTRATION_NOT_EMPIRICAL_SAMPLE
0.13928000000000001,0.2,0.1,1.1,0.9,1.4100000000000001,1.01,0.1258149184000001,0.07010291840000005,0.1258149184000001,DETERMINISTIC_ANALYTIC_ILLUSTRATION_NOT_EMPIRICAL_SAMPLE
0.13972,0.2,0.1,1.1,0.9,1.4100000000000001,1.01,0.12690567840000005,0.07101767840000006,0.12690567840000005,DETERMINISTIC_ANALYTIC_ILLUSTRATION_NOT_EMPIRICAL_SAMPLE
0.14016,0.2,0.1,1.1,0.9,1.4100000000000001,1.01,0.12799682560000003,0.07193282560000003,0.12799682560000003,DETERMINISTIC_ANALYTIC_ILLUSTRATION_NOT_EMPIRICAL_SAMPLE
0.1406,0.2,0.1,1.1,0.9,1.4100000000000001,1.01,0.12908836,0.07284836,0.12908836,DETERMINISTIC_ANALYTIC_ILLUSTRATION_NOT_EMPIRICAL_SAMPLE
0.14104,0.2,0.1,1.1,0.9,1.4100000000000001,1.01,0.1301802816,0.07376428159999998,0.1301802816,DETERMINISTIC_ANALYTIC_ILLUSTRATION_NOT_EMPIRICAL_SAMPLE
0.14148,0.2,0.1,1.1,0.9,1.4100000000000001,1.01,0.1312725904,0.07468059039999997,0.1312725904,DETERMINISTIC_ANALYTIC_ILLUSTRATION_NOT_EMPIRICAL_SAMPLE
0.14192,0.2,0.1,1.1,0.9,1.4100000000000001,1.01,0.1323652864,0.07559728640000002,0.1323652864,DETERMINISTIC_ANALYTIC_ILLUSTRATION_NOT_EMPIRICAL_SAMPLE
0.14236000000000001,0.2,0.1,1.1,0.9,1.4100000000000001,1.01,0.13345836960000007,0.07651436960000002,0.13345836960000007,DETERMINISTIC_ANALYTIC_ILLUSTRATION_NOT_EMPIRICAL_SAMPLE
0.1428,0.2,0.1,1.1,0.9,1.4100000000000001,1.01,0.13455184000000003,0.07743184000000003,0.13455184000000003,DETERMINISTIC_ANALYTIC_ILLUSTRATION_NOT_EMPIRICAL_SAMPLE
0.14324,0.2,0.1,1.1,0.9,1.4100000000000001,1.01,0.1356456976,0.07834969759999999,0.1356456976,DETERMINISTIC_ANALYTIC_ILLUSTRATION_NOT_EMPIRICAL_SAMPLE
0.14368000000000003,0.2,0.1,1.1,0.9,1.4100000000000001,1.01,0.1367399424000001,0.07926794240000007,0.1367399424000001,DETERMINISTIC_ANALYTIC_ILLUSTRATION_NOT_EMPIRICAL_SAMPLE
0.14412000000000003,0.2,0.1,1.1,0.9,1.4100000000000001,1.01,0.13783457440000008,0.08018657440000004,0.13783457440000008,DETERMINISTIC_ANALYTIC_ILLUSTRATION_NOT_EMPIRICAL_SAMPLE
0.14456000000000002,0.2,0.1,1.1,0.9,1.4100000000000001,1.01,0.13892959360000007,0.08110559360000003,0.13892959360000007,DETERMINISTIC_ANALYTIC_ILLUSTRATION_NOT_EMPIRICAL_SAMPLE
0.14500000000000002,0.2,0.1,1.1,0.9,1.4100000000000001,1.01,0.14002500000000007,0.08202500000000007,0.14002500000000007,DETERMINISTIC_ANALYTIC_ILLUSTRATION_NOT_EMPIRICAL_SAMPLE
0.14544,0.2,0.1,1.1,0.9,1.4100000000000001,1.01,0.14112079360000002,0.08294479360000001,0.14112079360000002,DETERMINISTIC_ANALYTIC_ILLUSTRATION_NOT_EMPIRICAL_SAMPLE
0.14588,0.2,0.1,1.1,0.9,1.4100000000000001,1.01,0.14221697440000003,0.08386497440000001,0.14221697440000003,DETERMINISTIC_ANALYTIC_ILLUSTRATION_NOT_EMPIRICAL_SAMPLE
0.14632,0.2,0.1,1.1,0.9,1.4100000000000001,1.01,0.1433135424,0.08478554239999997,0.1433135424,DETERMINISTIC_ANALYTIC_ILLUSTRATION_NOT_EMPIRICAL_SAMPLE
0.14676,0.2,0.1,1.1,0.9,1.4100000000000001,1.01,0.14441049760000002,0.08570649759999999,0.14441049760000002,DETERMINISTIC_ANALYTIC_ILLUSTRATION_NOT_EMPIRICAL_SAMPLE
0.1472,0.2,0.1,1.1,0.9,1.4100000000000001,1.01,0.14550784,0.08662784000000001,0.14550784,DETERMINISTIC_ANALYTIC_ILLUSTRATION_NOT_EMPIRICAL_SAMPLE
0.14764000000000002,0.2,0.1,1.1,0.9,1.4100000000000001,1.01,0.1466055696000001,0.08754956960000004,0.1466055696000001,DETERMINISTIC_ANALYTIC_ILLUSTRATION_NOT_EMPIRICAL_SAMPLE
0.14808000000000002,0.2,0.1,1.1,0.9,1.4100000000000001,1.01,0.14770368640000003,0.08847168640000003,0.14770368640000003,DETERMINISTIC_ANALYTIC_ILLUSTRATION_NOT_EMPIRICAL_SAMPLE
0.14852,0.2,0.1,1.1,0.9,1.4100000000000001,1.01,0.14880219040000003,0.08939419040000002,0.14880219040000003,DETERMINISTIC_ANALYTIC_ILLUSTRATION_NOT_EMPIRICAL_SAMPLE
0.14896,0.2,0.1,1.1,0.9,1.4100000000000001,1.01,0.14990108160000004,0.09031708160000002,0.14990108160000004,DETERMINISTIC_ANALYTIC_ILLUSTRATION_NOT_EMPIRICAL_SAMPLE
0.1494,0.2,0.1,1.1,0.9,1.4100000000000001,1.01,0.15100036,0.09124035999999996,0.15100036,DETERMINISTIC_ANALYTIC_ILLUSTRATION_NOT_EMPIRICAL_SAMPLE
0.14984,0.2,0.1,1.1,0.9,1.4100000000000001,1.01,0.15210002560000002,0.09216402559999998,0.15210002560000002,DETERMINISTIC_ANALYTIC_ILLUSTRATION_NOT_EMPIRICAL_SAMPLE
0.15028000000000002,0.2,0.1,1.1,0.9,1.4100000000000001,1.01,0.15320007840000005,0.09308807840000005,0.15320007840000005,DETERMINISTIC_ANALYTIC_ILLUSTRATION_NOT_EMPIRICAL_SAMPLE
0.15072000000000002,0.2,0.1,1.1,0.9,1.4100000000000001,1.01,0.15430051840000003,0.09401251840000002,0.15430051840000003,DETERMINISTIC_ANALYTIC_ILLUSTRATION_NOT_EMPIRICAL_SAMPLE
0.15116000000000002,0.2,0.1,1.1,0.9,1.4100000000000001,1.01,0.15540134560000007,0.09493734560000006,0.15540134560000007,DETERMINISTIC_ANALYTIC_ILLUSTRATION_NOT_EMPIRICAL_SAMPLE
0.1516,0.2,0.1,1.1,0.9,1.4100000000000001,1.01,0.15650256,0.09586255999999999,0.15650256,DETERMINISTIC_ANALYTIC_ILLUSTRATION_NOT_EMPIRICAL_SAMPLE
0.15204,0.2,0.1,1.1,0.9,1.4100000000000001,1.01,0.15760416160000007,0.09678816160000003,0.15760416160000007,DETERMINISTIC_ANALYTIC_ILLUSTRATION_NOT_EMPIRICAL_SAMPLE
0.15248,0.2,0.1,1.1,0.9,1.4100000000000001,1.01,0.15870615040000002,0.09771415040000003,0.15870615040000002,DETERMINISTIC_ANALYTIC_ILLUSTRATION_NOT_EMPIRICAL_SAMPLE
0.15292,0.2,0.1,1.1,0.9,1.4100000000000001,1.01,0.15980852639999998,0.09864052639999998,0.15980852639999998,DETERMINISTIC_ANALYTIC_ILLUSTRATION_NOT_EMPIRICAL_SAMPLE
0.15336000000000002,0.2,0.1,1.1,0.9,1.4100000000000001,1.01,0.16091128960000006,0.09956728960000005,0.16091128960000006,DETERMINISTIC_ANALYTIC_ILLUSTRATION_NOT_EMPIRICAL_SAMPLE
0.15380000000000002,0.2,0.1,1.1,0.9,1.4100000000000001,1.01,0.16201444000000004,0.10049444000000002,0.16201444000000004,DETERMINISTIC_ANALYTIC_ILLUSTRATION_NOT_EMPIRICAL_SAMPLE
0.15424000000000002,0.2,0.1,1.1,0.9,1.4100000000000001,1.01,0.16311797760000007,0.10142197760000005,0.16311797760000007,DETERMINISTIC_ANALYTIC_ILLUSTRATION_NOT_EMPIRICAL_SAMPLE
0.15468,0.2,0.1,1.1,0.9,1.4100000000000001,1.01,0.16422190240000006,0.10234990240000003,0.16422190240000006,DETERMINISTIC_ANALYTIC_ILLUSTRATION_NOT_EMPIRICAL_SAMPLE
0.15512,0.2,0.1,1.1,0.9,1.4100000000000001,1.01,0.16532621440000006,0.10327821440000001,0.16532621440000006,DETERMINISTIC_ANALYTIC_ILLUSTRATION_NOT_EMPIRICAL_SAMPLE
0.15556,0.2,0.1,1.1,0.9,1.4100000000000001,1.01,0.1664309136,0.1042069136,0.1664309136,DETERMINISTIC_ANALYTIC_ILLUSTRATION_NOT_EMPIRICAL_SAMPLE
0.156,0.2,0.1,1.1,0.9,1.4100000000000001,1.01,0.16753600000000002,0.10513600000000001,0.16753600000000002,DETERMINISTIC_ANALYTIC_ILLUSTRATION_NOT_EMPIRICAL_SAMPLE
0.15644,0.2,0.1,1.1,0.9,1.4100000000000001,1.01,0.16864147360000004,0.10606547360000002,0.16864147360000004,DETERMINISTIC_ANALYTIC_ILLUSTRATION_NOT_EMPIRICAL_SAMPLE
0.15688,0.2,0.1,1.1,0.9,1.4100000000000001,1.01,0.1697473344,0.10699533439999998,0.1697473344,DETERMINISTIC_ANALYTIC_ILLUSTRATION_NOT_EMPIRICAL_SAMPLE
0.15732000000000002,0.2,0.1,1.1,0.9,1.4100000000000001,1.01,0.1708535824000001,0.10792558240000005,0.1708535824000001,DETERMINISTIC_ANALYTIC_ILLUSTRATION_NOT_EMPIRICAL_SAMPLE
0.15776,0.2,0.1,1.1,0.9,1.4100000000000001,1.01,0.17196021760000002,0.10885621760000003,0.17196021760000002,DETERMINISTIC_ANALYTIC_ILLUSTRATION_NOT_EMPIRICAL_SAMPLE
0.1582,0.2,0.1,1.1,0.9,1.4100000000000001,1.01,0.17306724000000007,0.10978724000000001,0.17306724000000007,DETERMINISTIC_ANALYTIC_ILLUSTRATION_NOT_EMPIRICAL_SAMPLE
0.15864000000000003,0.2,0.1,1.1,0.9,1.4100000000000001,1.01,0.17417464960000012,0.11071864960000011,0.17417464960000012,DETERMINISTIC_ANALYTIC_ILLUSTRATION_NOT_EMPIRICAL_SAMPLE
0.15908000000000003,0.2,0.1,1.1,0.9,1.4100000000000001,1.01,0.17528244640000007,0.11165044640000005,0.17528244640000007,DETERMINISTIC_ANALYTIC_ILLUSTRATION_NOT_EMPIRICAL_SAMPLE
0.15952000000000002,0.2,0.1,1.1,0.9,1.4100000000000001,1.01,0.17639063040000008,0.11258263040000005,0.17639063040000008,DETERMINISTIC_ANALYTIC_ILLUSTRATION_NOT_EMPIRICAL_SAMPLE
0.15996000000000002,0.2,0.1,1.1,0.9,1.4100000000000001,1.01,0.17749920160000004,0.1135152016,0.17749920160000004,DETERMINISTIC_ANALYTIC_ILLUSTRATION_NOT_EMPIRICAL_SAMPLE
0.16040000000000001,0.2,0.1,1.1,0.9,1.4100000000000001,1.01,0.17860816000000007,0.11444816000000002,0.17860816000000007,DETERMINISTIC_ANALYTIC_ILLUSTRATION_NOT_EMPIRICAL_SAMPLE
0.16084,0.2,0.1,1.1,0.9,1.4100000000000001,1.01,0.17971750560000005,0.11538150560000004,0.17971750560000005,DETERMINISTIC_ANALYTIC_ILLUSTRATION_NOT_EMPIRICAL_SAMPLE
0.16128,0.2,0.1,1.1,0.9,1.4100000000000001,1.01,0.18082723840000003,0.11631523840000002,0.18082723840000003,DETERMINISTIC_ANALYTIC_ILLUSTRATION_NOT_EMPIRICAL_SAMPLE
0.16172,0.2,0.1,1.1,0.9,1.4100000000000001,1.01,0.18193735840000003,0.1172493584,0.18193735840000003,DETERMINISTIC_ANALYTIC_ILLUSTRATION_NOT_EMPIRICAL_SAMPLE
0.16216,0.2,0.1,1.1,0.9,1.4100000000000001,1.01,0.18304786560000003,0.1181838656,0.18304786560000003,DETERMINISTIC_ANALYTIC_ILLUSTRATION_NOT_EMPIRICAL_SAMPLE
0.1626,0.2,0.1,1.1,0.9,1.4100000000000001,1.01,0.18415876000000003,0.11911875999999999,0.18415876000000003,DETERMINISTIC_ANALYTIC_ILLUSTRATION_NOT_EMPIRICAL_SAMPLE
0.16304,0.2,0.1,1.1,0.9,1.4100000000000001,1.01,0.1852700416,0.1200540416,0.1852700416,DETERMINISTIC_ANALYTIC_ILLUSTRATION_NOT_EMPIRICAL_SAMPLE
0.16348,0.2,0.1,1.1,0.9,1.4100000000000001,1.01,0.18638171039999996,0.12098971039999995,0.18638171039999996,DETERMINISTIC_ANALYTIC_ILLUSTRATION_NOT_EMPIRICAL_SAMPLE
0.16392,0.2,0.1,1.1,0.9,1.4100000000000001,1.01,0.18749376640000004,0.12192576640000002,0.18749376640000004,DETERMINISTIC_ANALYTIC_ILLUSTRATION_NOT_EMPIRICAL_SAMPLE
0.16436000000000003,0.2,0.1,1.1,0.9,1.4100000000000001,1.01,0.18860620960000007,0.12286220960000005,0.18860620960000007,DETERMINISTIC_ANALYTIC_ILLUSTRATION_NOT_EMPIRICAL_SAMPLE
0.16480000000000003,0.2,0.1,1.1,0.9,1.4100000000000001,1.01,0.18971904000000012,0.12379904000000008,0.18971904000000012,DETERMINISTIC_ANALYTIC_ILLUSTRATION_NOT_EMPIRICAL_SAMPLE
0.16524000000000003,0.2,0.1,1.1,0.9,1.4100000000000001,1.01,0.19083225760000005,0.12473625760000001,0.19083225760000005,DETERMINISTIC_ANALYTIC_ILLUSTRATION_NOT_EMPIRICAL_SAMPLE
0.16568000000000002,0.2,0.1,1.1,0.9,1.4100000000000001,1.01,0.1919458624000001,0.12567386240000006,0.1919458624000001,DETERMINISTIC_ANALYTIC_ILLUSTRATION_NOT_EMPIRICAL_SAMPLE
0.16612000000000002,0.2,0.1,1.1,0.9,1.4100000000000001,1.01,0.19305985440000006,0.12661185440000006,0.19305985440000006,DETERMINISTIC_ANALYTIC_ILLUSTRATION_NOT_EMPIRICAL_SAMPLE
0.16656,0.2,0.1,1.1,0.9,1.4100000000000001,1.01,0.19417423360000002,0.1275502336,0.19417423360000002,DETERMINISTIC_ANALYTIC_ILLUSTRATION_NOT_EMPIRICAL_SAMPLE
0.167,0.2,0.1,1.1,0.9,1.4100000000000001,1.01,0.19528900000000005,0.12848900000000002,0.19528900000000005,DETERMINISTIC_ANALYTIC_ILLUSTRATION_NOT_EMPIRICAL_SAMPLE
0.16744,0.2,0.1,1.1,0.9,1.4100000000000001,1.01,0.19640415360000002,0.12942815359999998,0.19640415360000002,DETERMINISTIC_ANALYTIC_ILLUSTRATION_NOT_EMPIRICAL_SAMPLE
0.16788,0.2,0.1,1.1,0.9,1.4100000000000001,1.01,0.19751969440000006,0.1303676944,0.19751969440000006,DETERMINISTIC_ANALYTIC_ILLUSTRATION_NOT_EMPIRICAL_SAMPLE
0.16832,0.2,0.1,1.1,0.9,1.4100000000000001,1.01,0.1986356224,0.1313076224,0.1986356224,DETERMINISTIC_ANALYTIC_ILLUSTRATION_NOT_EMPIRICAL_SAMPLE
0.16876,0.2,0.1,1.1,0.9,1.4100000000000001,1.01,0.19975193759999998,0.13224793759999998,0.19975193759999998,DETERMINISTIC_ANALYTIC_ILLUSTRATION_NOT_EMPIRICAL_SAMPLE
0.1692,0.2,0.1,1.1,0.9,1.4100000000000001,1.01,0.20086864,0.13318863999999997,0.20086864,DETERMINISTIC_ANALYTIC_ILLUSTRATION_NOT_EMPIRICAL_SAMPLE
0.16964,0.2,0.1,1.1,0.9,1.4100000000000001,1.01,0.20198572960000005,0.13412972960000002,0.20198572960000005,DETERMINISTIC_ANALYTIC_ILLUSTRATION_NOT_EMPIRICAL_SAMPLE
0.17008,0.2,0.1,1.1,0.9,1.4100000000000001,1.01,0.20310320640000007,0.13507120640000003,0.20310320640000007,DETERMINISTIC_ANALYTIC_ILLUSTRATION_NOT_EMPIRICAL_SAMPLE
0.17052000000000003,0.2,0.1,1.1,0.9,1.4100000000000001,1.01,0.2042210704000001,0.13601307040000005,0.2042210704000001,DETERMINISTIC_ANALYTIC_ILLUSTRATION_NOT_EMPIRICAL_SAMPLE
0.17096000000000003,0.2,0.1,1.1,0.9,1.4100000000000001,1.01,0.20533932160000012,0.13695532160000007,0.20533932160000012,DETERMINISTIC_ANALYTIC_ILLUSTRATION_NOT_EMPIRICAL_SAMPLE
0.17140000000000002,0.2,0.1,1.1,0.9,1.4100000000000001,1.01,0.2064579600000001,0.13789796000000004,0.2064579600000001,DETERMINISTIC_ANALYTIC_ILLUSTRATION_NOT_EMPIRICAL_SAMPLE
0.17184000000000002,0.2,0.1,1.1,0.9,1.4100000000000001,1.01,0.20757698560000004,0.13884098560000002,0.20757698560000004,DETERMINISTIC_ANALYTIC_ILLUSTRATION_NOT_EMPIRICAL_SAMPLE
0.17228000000000002,0.2,0.1,1.1,0.9,1.4100000000000001,1.01,0.2086963984000001,0.13978439840000006,0.2086963984000001,DETERMINISTIC_ANALYTIC_ILLUSTRATION_NOT_EMPIRICAL_SAMPLE
0.17272,0.2,0.1,1.1,0.9,1.4100000000000001,1.01,0.20981619840000004,0.1407281984,0.20981619840000004,DETERMINISTIC_ANALYTIC_ILLUSTRATION_NOT_EMPIRICAL_SAMPLE
0.17316,0.2,0.1,1.1,0.9,1.4100000000000001,1.01,0.21093638560000005,0.1416723856,0.21093638560000005,DETERMINISTIC_ANALYTIC_ILLUSTRATION_NOT_EMPIRICAL_SAMPLE
0.1736,0.2,0.1,1.1,0.9,1.4100000000000001,1.01,0.21205696000000002,0.14261696000000001,0.21205696000000002,DETERMINISTIC_ANALYTIC_ILLUSTRATION_NOT_EMPIRICAL_SAMPLE
0.17404,0.2,0.1,1.1,0.9,1.4100000000000001,1.01,0.2131779216,0.14356192159999998,0.2131779216,DETERMINISTIC_ANALYTIC_ILLUSTRATION_NOT_EMPIRICAL_SAMPLE
0.17448,0.2,0.1,1.1,0.9,1.4100000000000001,1.01,0.21429927040000002,0.1445072704,0.21429927040000002,DETERMINISTIC_ANALYTIC_ILLUSTRATION_NOT_EMPIRICAL_SAMPLE
0.17492,0.2,0.1,1.1,0.9,1.4100000000000001,1.01,0.2154210064,0.14545300639999997,0.2154210064,DETERMINISTIC_ANALYTIC_ILLUSTRATION_NOT_EMPIRICAL_SAMPLE
0.17536000000000002,0.2,0.1,1.1,0.9,1.4100000000000001,1.01,0.21654312960000005,0.1463991296,0.21654312960000005,DETERMINISTIC_ANALYTIC_ILLUSTRATION_NOT_EMPIRICAL_SAMPLE
0.1758,0.2,0.1,1.1,0.9,1.4100000000000001,1.01,0.21766564000000005,0.14734564000000006,0.21766564000000005,DETERMINISTIC_ANALYTIC_ILLUSTRATION_NOT_EMPIRICAL_SAMPLE
0.17624,0.2,0.1,1.1,0.9,1.4100000000000001,1.01,0.21878853760000005,0.1482925376,0.21878853760000005,DETERMINISTIC_ANALYTIC_ILLUSTRATION_NOT_EMPIRICAL_SAMPLE
0.17668,0.2,0.1,1.1,0.9,1.4100000000000001,1.01,0.2199118224,0.1492398224,0.2199118224,DETERMINISTIC_ANALYTIC_ILLUSTRATION_NOT_EMPIRICAL_SAMPLE
0.17712000000000003,0.2,0.1,1.1,0.9,1.4100000000000001,1.01,0.2210354944000001,0.15018749440000007,0.2210354944000001,DETERMINISTIC_ANALYTIC_ILLUSTRATION_NOT_EMPIRICAL_SAMPLE
0.17756000000000002,0.2,0.1,1.1,0.9,1.4100000000000001,1.01,0.22215955360000011,0.15113555360000003,0.22215955360000011,DETERMINISTIC_ANALYTIC_ILLUSTRATION_NOT_EMPIRICAL_SAMPLE
0.17800000000000002,0.2,0.1,1.1,0.9,1.4100000000000001,1.01,0.22328400000000004,0.152084,0.22328400000000004,DETERMINISTIC_ANALYTIC_ILLUSTRATION_NOT_EMPIRICAL_SAMPLE
0.17844000000000002,0.2,0.1,1.1,0.9,1.4100000000000001,1.01,0.22440883360000008,0.15303283360000003,0.22440883360000008,DETERMINISTIC_ANALYTIC_ILLUSTRATION_NOT_EMPIRICAL_SAMPLE
0.17888,0.2,0.1,1.1,0.9,1.4100000000000001,1.01,0.22553405440000002,0.15398205440000007,0.22553405440000002,DETERMINISTIC_ANALYTIC_ILLUSTRATION_NOT_EMPIRICAL_SAMPLE
0.17932,0.2,0.1,1.1,0.9,1.4100000000000001,1.01,0.22665966240000002,0.1549316624,0.22665966240000002,DETERMINISTIC_ANALYTIC_ILLUSTRATION_NOT_EMPIRICAL_SAMPLE
0.17976,0.2,0.1,1.1,0.9,1.4100000000000001,1.01,0.22778565760000002,0.1558816576,0.22778565760000002,DETERMINISTIC_ANALYTIC_ILLUSTRATION_NOT_EMPIRICAL_SAMPLE
0.1802,0.2,0.1,1.1,0.9,1.4100000000000001,1.01,0.22891203999999998,0.15683203999999995,0.22891203999999998,DETERMINISTIC_ANALYTIC_ILLUSTRATION_NOT_EMPIRICAL_SAMPLE
0.18064000000000002,0.2,0.1,1.1,0.9,1.4100000000000001,1.01,0.23003880960000012,0.15778280960000007,0.23003880960000012,DETERMINISTIC_ANALYTIC_ILLUSTRATION_NOT_EMPIRICAL_SAMPLE
0.18108000000000002,0.2,0.1,1.1,0.9,1.4100000000000001,1.01,0.23116596640000003,0.1587339664000001,0.23116596640000003,DETERMINISTIC_ANALYTIC_ILLUSTRATION_NOT_EMPIRICAL_SAMPLE
0.18152000000000001,0.2,0.1,1.1,0.9,1.4100000000000001,1.01,0.23229351040000007,0.1596855104,0.23229351040000007,DETERMINISTIC_ANALYTIC_ILLUSTRATION_NOT_EMPIRICAL_SAMPLE
0.18196,0.2,0.1,1.1,0.9,1.4100000000000001,1.01,0.23342144160000006,0.16063744160000004,0.23342144160000006,DETERMINISTIC_ANALYTIC_ILLUSTRATION_NOT_EMPIRICAL_SAMPLE
0.1824,0.2,0.1,1.1,0.9,1.4100000000000001,1.01,0.23454976,0.16158975999999997,0.23454976,DETERMINISTIC_ANALYTIC_ILLUSTRATION_NOT_EMPIRICAL_SAMPLE
0.18284,0.2,0.1,1.1,0.9,1.4100000000000001,1.01,0.23567846560000005,0.16254246560000002,0.23567846560000005,DETERMINISTIC_ANALYTIC_ILLUSTRATION_NOT_EMPIRICAL_SAMPLE
0.18328,0.2,0.1,1.1,0.9,1.4100000000000001,1.01,0.2368075584,0.16349555840000002,0.2368075584,DETERMINISTIC_ANALYTIC_ILLUSTRATION_NOT_EMPIRICAL_SAMPLE
0.18372000000000002,0.2,0.1,1.1,0.9,1.4100000000000001,1.01,0.23793703840000008,0.16444903840000002,0.23793703840000008,DETERMINISTIC_ANALYTIC_ILLUSTRATION_NOT_EMPIRICAL_SAMPLE
0.18416000000000002,0.2,0.1,1.1,0.9,1.4100000000000001,1.01,0.23906690560000005,0.16540290560000004,0.23906690560000005,DETERMINISTIC_ANALYTIC_ILLUSTRATION_NOT_EMPIRICAL_SAMPLE
0.18460000000000001,0.2,0.1,1.1,0.9,1.4100000000000001,1.01,0.24019716000000002,0.16635716,0.24019716000000002,DETERMINISTIC_ANALYTIC_ILLUSTRATION_NOT_EMPIRICAL_SAMPLE
0.18504,0.2,0.1,1.1,0.9,1.4100000000000001,1.01,0.24132780160000006,0.16731180160000003,0.24132780160000006,DETERMINISTIC_ANALYTIC_ILLUSTRATION_NOT_EMPIRICAL_SAMPLE
0.18548,0.2,0.1,1.1,0.9,1.4100000000000001,1.01,0.2424588304,0.16826683039999996,0.2424588304,DETERMINISTIC_ANALYTIC_ILLUSTRATION_NOT_EMPIRICAL_SAMPLE
0.18592,0.2,0.1,1.1,0.9,1.4100000000000001,1.01,0.24359024640000004,0.1692222464,0.24359024640000004,DETERMINISTIC_ANALYTIC_ILLUSTRATION_NOT_EMPIRICAL_SAMPLE
0.18636000000000003,0.2,0.1,1.1,0.9,1.4100000000000001,1.01,0.24472204960000005,0.1701780496000001,0.24472204960000005,DETERMINISTIC_ANALYTIC_ILLUSTRATION_NOT_EMPIRICAL_SAMPLE
0.18680000000000002,0.2,0.1,1.1,0.9,1.4100000000000001,1.01,0.2458542400000001,0.17113424000000005,0.2458542400000001,DETERMINISTIC_ANALYTIC_ILLUSTRATION_NOT_EMPIRICAL_SAMPLE
0.18724000000000002,0.2,0.1,1.1,0.9,1.4100000000000001,1.01,0.24698681760000007,0.17209081760000006,0.24698681760000007,DETERMINISTIC_ANALYTIC_ILLUSTRATION_NOT_EMPIRICAL_SAMPLE
0.18768,0.2,0.1,1.1,0.9,1.4100000000000001,1.01,0.24811978240000004,0.17304778240000002,0.24811978240000004,DETERMINISTIC_ANALYTIC_ILLUSTRATION_NOT_EMPIRICAL_SAMPLE
0.18812,0.2,0.1,1.1,0.9,1.4100000000000001,1.01,0.24925313440000008,0.17400513440000004,0.24925313440000008,DETERMINISTIC_ANALYTIC_ILLUSTRATION_NOT_EMPIRICAL_SAMPLE
0.18856,0.2,0.1,1.1,0.9,1.4100000000000001,1.01,0.2503868736,0.1749628736,0.2503868736,DETERMINISTIC_ANALYTIC_ILLUSTRATION_NOT_EMPIRICAL_SAMPLE
0.189,0.2,0.1,1.1,0.9,1.4100000000000001,1.01,0.25152100000000005,0.175921,0.25152100000000005,DETERMINISTIC_ANALYTIC_ILLUSTRATION_NOT_EMPIRICAL_SAMPLE
0.18944,0.2,0.1,1.1,0.9,1.4100000000000001,1.01,0.2526555136,0.17687951359999998,0.2526555136,DETERMINISTIC_ANALYTIC_ILLUSTRATION_NOT_EMPIRICAL_SAMPLE
0.18988,0.2,0.1,1.1,0.9,1.4100000000000001,1.01,0.2537904144,0.17783841439999998,0.2537904144,DETERMINISTIC_ANALYTIC_ILLUSTRATION_NOT_EMPIRICAL_SAMPLE
0.19032000000000002,0.2,0.1,1.1,0.9,1.4100000000000001,1.01,0.25492570240000006,0.17879770240000004,0.25492570240000006,DETERMINISTIC_ANALYTIC_ILLUSTRATION_NOT_EMPIRICAL_SAMPLE
0.19076,0.2,0.1,1.1,0.9,1.4100000000000001,1.01,0.25606137760000003,0.1797573776,0.25606137760000003,DETERMINISTIC_ANALYTIC_ILLUSTRATION_NOT_EMPIRICAL_SAMPLE
0.1912,0.2,0.1,1.1,0.9,1.4100000000000001,1.01,0.25719744000000005,0.18071744,0.25719744000000005,DETERMINISTIC_ANALYTIC_ILLUSTRATION_NOT_EMPIRICAL_SAMPLE
0.19164000000000003,0.2,0.1,1.1,0.9,1.4100000000000001,1.01,0.2583338896000001,0.1816778896000001,0.2583338896000001,DETERMINISTIC_ANALYTIC_ILLUSTRATION_NOT_EMPIRICAL_SAMPLE
0.19208000000000003,0.2,0.1,1.1,0.9,1.4100000000000001,1.01,0.25947072640000013,0.18263872640000006,0.25947072640000013,DETERMINISTIC_ANALYTIC_ILLUSTRATION_NOT_EMPIRICAL_SAMPLE
0.19252000000000002,0.2,0.1,1.1,0.9,1.4100000000000001,1.01,0.26060795040000007,0.18359995040000004,0.26060795040000007,DETERMINISTIC_ANALYTIC_ILLUSTRATION_NOT_EMPIRICAL_SAMPLE
0.19296000000000002,0.2,0.1,1.1,0.9,1.4100000000000001,1.01,0.26174556160000007,0.18456156160000003,0.26174556160000007,DETERMINISTIC_ANALYTIC_ILLUSTRATION_NOT_EMPIRICAL_SAMPLE
0.19340000000000002,0.2,0.1,1.1,0.9,1.4100000000000001,1.01,0.26288356000000007,0.18552356000000003,0.26288356000000007,DETERMINISTIC_ANALYTIC_ILLUSTRATION_NOT_EMPIRICAL_SAMPLE
0.19384,0.2,0.1,1.1,0.9,1.4100000000000001,1.01,0.26402194560000003,0.18648594560000004,0.26402194560000003,DETERMINISTIC_ANALYTIC_ILLUSTRATION_NOT_EMPIRICAL_SAMPLE
0.19428,0.2,0.1,1.1,0.9,1.4100000000000001,1.01,0.26516071840000005,0.1874487184,0.26516071840000005,DETERMINISTIC_ANALYTIC_ILLUSTRATION_NOT_EMPIRICAL_SAMPLE
0.19472,0.2,0.1,1.1,0.9,1.4100000000000001,1.01,0.2662998784,0.1884118784,0.2662998784,DETERMINISTIC_ANALYTIC_ILLUSTRATION_NOT_EMPIRICAL_SAMPLE
0.19516,0.2,0.1,1.1,0.9,1.4100000000000001,1.01,0.2674394256,0.18937542559999998,0.2674394256,DETERMINISTIC_ANALYTIC_ILLUSTRATION_NOT_EMPIRICAL_SAMPLE
0.1956,0.2,0.1,1.1,0.9,1.4100000000000001,1.01,0.26857936000000004,0.19033936,0.26857936000000004,DETERMINISTIC_ANALYTIC_ILLUSTRATION_NOT_EMPIRICAL_SAMPLE
0.19604,0.2,0.1,1.1,0.9,1.4100000000000001,1.01,0.2697196816,0.1913036816,0.2697196816,DETERMINISTIC_ANALYTIC_ILLUSTRATION_NOT_EMPIRICAL_SAMPLE
0.19648,0.2,0.1,1.1,0.9,1.4100000000000001,1.01,0.27086039040000004,0.19226839039999993,0.27086039040000004,DETERMINISTIC_ANALYTIC_ILLUSTRATION_NOT_EMPIRICAL_SAMPLE
0.19691999999999998,0.2,0.1,1.1,0.9,1.4100000000000001,1.01,0.2720014864,0.1932334864,0.2720014864,DETERMINISTIC_ANALYTIC_ILLUSTRATION_NOT_EMPIRICAL_SAMPLE
0.19736000000000004,0.2,0.1,1.1,0.9,1.4100000000000001,1.01,0.2731429696000001,0.19419896960000005,0.2731429696000001,DETERMINISTIC_ANALYTIC_ILLUSTRATION_NOT_EMPIRICAL_SAMPLE
0.19780000000000003,0.2,0.1,1.1,0.9,1.4100000000000001,1.01,0.2742848400000001,0.19516484000000006,0.2742848400000001,DETERMINISTIC_ANALYTIC_ILLUSTRATION_NOT_EMPIRICAL_SAMPLE
0.19824000000000003,0.2,0.1,1.1,0.9,1.4100000000000001,1.01,0.27542709760000006,0.19613109760000003,0.27542709760000006,DETERMINISTIC_ANALYTIC_ILLUSTRATION_NOT_EMPIRICAL_SAMPLE
0.19868000000000002,0.2,0.1,1.1,0.9,1.4100000000000001,1.01,0.2765697424000001,0.19709774240000005,0.2765697424000001,DETERMINISTIC_ANALYTIC_ILLUSTRATION_NOT_EMPIRICAL_SAMPLE
0.19912000000000002,0.2,0.1,1.1,0.9,1.4100000000000001,1.01,0.2777127744000001,0.1980647744000001,0.2777127744000001,DETERMINISTIC_ANALYTIC_ILLUSTRATION_NOT_EMPIRICAL_SAMPLE
0.19956000000000002,0.2,0.1,1.1,0.9,1.4100000000000001,1.01,0.2788561936000001,0.19903219360000002,0.2788561936000001,DETERMINISTIC_ANALYTIC_ILLUSTRATION_NOT_EMPIRICAL_SAMPLE
0.2,0.2,0.1,1.1,0.9,1.4100000000000001,1.01,0.2800000000000001,0.2,0.2800000000000001,DETERMINISTIC_ANALYTIC_ILLUSTRATION_NOT_EMPIRICAL_SAMPLE
